Date,Day,Time,School,Grades,Status,Full since,First seen,Sign-up form
2026-10-06,Tue,10:00 - 10:45am,Harte Elementary,"Pre-K, TK-5",open,,2026-10-05,https://docs.google.com/forms/d/e/1FAIpQLSeOiClzysiFbt8-BQEg36QFFEDNDTKQyt23M9vkTXxyN7rRNw/viewform
2026-10-06,Tue,10:30-11:30 am,Stockton Early Education School,"Toddler, Pre-K, TK",open,,2026-10-05,https://docs.google.com/forms/d/e/1FAIpQLScQCvqzTgXNf6l1Y7pcsFykC4EYKUA79TEqh4TjU9GnXiSSDg/viewform
2026-10-06,Tue,8:00-9:00a,Lafayette Elementary,TK-5,open,,2026-10-05,https://docs.google.com/forms/d/e/1FAIpQLSdWeBMWLMuRmKa-WpEhian25H7mBcNmbLHhSuf4IBdDaoHDYA/viewform
2026-10-07,Wed,9:30-10:30 AM,Visitacion Valley Elementary,TK-5,open,,2026-10-05,https://docs.google.com/forms/u/2/d/e/1FAIpQLSd-eCDJ_W2Q1xgCEhcPitOMdJq4xofWgggM0EVyNSlzFeXCuQ/viewform
2026-10-07,Wed,10:00am - 11:00am,Yick Wo Elementary School,K-5,open,,2026-10-05,https://docs.google.com/forms/d/e/1FAIpQLSf0go9Rsh8q032i7X8al-Pk2zUHLL1ukUOvUnRRHLM8dhJjaw/viewform
2026-10-07,Wed,9:00-9:45,Carver Elementary,"Pre-K, TK-5",open,,2026-10-05,https://docs.google.com/forms/d/e/1FAIpQLSectKbpUZwfqgjbKJ6juyO_Nk6PI1qrwC27OY4O02V3kcnTEw/viewform
2026-10-07,Wed,"9:00-10:00, 11:00-12:00",Drew Elementary,"Toddler, Pre-K, TK-5",open,,2026-10-05,https://docs.google.com/forms/d/e/1FAIpQLSf9c_ZCodOW06O6l2HxbMQ3kU8a8AxoZU3-Ojevz723lyqR8Q/viewform
2026-10-07,Wed,9:00- 10:00 a.m.,Hillcrest Elementary,TK-5,open,,2026-10-05,https://docs.google.com/forms/d/e/1FAIpQLSfdSiVr8KU6feah_nrffWnx3CiGO4fJm2A2LxaOzFlyaz8YpQ/viewform
2026-10-07,Wed,9:00-9:30,Moscone Elementary,TK-5,open,,2026-10-05,https://docs.google.com/forms/d/e/1FAIpQLSd_oPcd9kYNy9L9iWU-1v-wXJwOY8eIO3N2onmr8WRPGDdqWA/viewform
2026-10-07,Wed,8:30 - 9:30,Taylor Elementary,"Pre-K, TK-5",open,,2026-10-05,https://docs.google.com/forms/d/e/1FAIpQLSf5EehOkCafPlOJ8uRb_4QSrueO4r2QcMrH4dRdQHyaErSXxg/viewform
2026-10-08,Thu,9:00-10:00am,Malcolm X Elementary,"Pre-K, TK-5",open,,2026-10-05,https://docs.google.com/forms/d/e/1FAIpQLSfS9Wt--Mx3DyoDYNNpt9vKUG7lSr14DeOLSrAw7mmS3HKPfQ/viewform
2026-10-08,Thu,5:00-6:00pm,Lilienthal TK-8 School,K-8,open,,2026-10-05,https://docs.google.com/forms/d/e/1FAIpQLSddb8ggymi3fjB7lnNbw058u4V930lgzl9yV06QtyYxjVkxjQ/viewform
2026-10-09,Fri,9:00-10:00am,Sherman Elementary,TK-5,open,,2026-10-05,https://docs.google.com/forms/d/e/1FAIpQLSdOa41ZAnNoLqSvf1mCs931E-9X2ZRuL0Y-fKvjIsMGOGsqrA/viewform
2026-10-09,Fri,9:30AM-10:00AM (TK),Argonne Early Education School,"Pre-K, TK",open,,2026-10-05,https://docs.google.com/forms/d/e/1FAIpQLSfA3NEtldkl2_9KJzIRHMvydNBr1iywRMp5MUGCh6DwJw9Xxw/viewform
2026-10-09,Fri,9:30-10:30AM,Guadalupe Elementary,"Pre-K, TK-5",open,,2026-10-05,https://docs.google.com/forms/d/e/1FAIpQLSfKKHjc9cnCtCVoJVwOdSCrn-oeoZf7mO6aybxVQTOvaY_Fxg/viewform
2026-10-09,Fri,10:00AM-10:30AM (PK),Argonne Early Education School,"Pre-K, TK",open,,2026-10-05,https://docs.google.com/forms/d/e/1FAIpQLSfA3NEtldkl2_9KJzIRHMvydNBr1iywRMp5MUGCh6DwJw9Xxw/viewform
2026-10-09,Fri,10:00-10:30AM,Carmichael TK-8 School,"Pre-K, TK-8",open,,2026-10-05,https://docs.google.com/forms/d/e/1FAIpQLSd0b_u5eqFVQ6GV8iU0j48ExYx-qrKpYpGB2xvSpOHEo28biA/viewform
2026-10-09,Fri,10:00-11:00 am,Chin Elementary,K-5,open,,2026-10-05,https://docs.google.com/forms/d/e/1FAIpQLSeYdzPVlHgSsS5gsW7BVxzyyZkEYLeKBJcvk0HwlMeuEPjTJA/viewform
2026-10-09,Fri,8:30 - 9:30,Sanchez Elementary,"Pre-K, TK-5",open,,2026-10-05,https://docs.google.com/forms/d/e/1FAIpQLSe3nEx3wE-4PVwnjm6ZHa74b76ptSiy4khPuq5I_z2DRuJHfw/viewform
2026-10-13,Tue,8:30-9:30 am,Webster Elementary,K-5,open,,2026-10-05,https://docs.google.com/forms/u/2/d/e/1FAIpQLSfM0lJb3r1nDxHWVugW-S-GiZb97O_1qIgFXgu_K0WBdvKweA/viewform
2026-10-13,Tue,10:00 - 10:45am,Harte Elementary,"Pre-K, TK-5",open,,2026-10-05,https://docs.google.com/forms/d/e/1FAIpQLSeOiClzysiFbt8-BQEg36QFFEDNDTKQyt23M9vkTXxyN7rRNw/viewform
2026-10-14,Wed,9:40am-10:40am,Sunset Elementary,K-5,open,,2026-10-05,https://docs.google.com/forms/d/e/1FAIpQLSdvGEoQuVBcdOgBDkkWN-rJOF97gor1y33HV5POHkW22RWDnA/viewform
2026-10-14,Wed,10:00 - 11:00 am,Sunnyside Elementary,K-5,open,,2026-10-05,https://docs.google.com/forms/u/2/d/e/1FAIpQLSeq3ihwxPo-L8UWZwupaa9ay1l5tN35OSyZ1clIfwP8YLS-mw/viewform
2026-10-14,Wed,9:00-9:45,Carver Elementary,"Pre-K, TK-5",open,,2026-10-05,https://docs.google.com/forms/d/e/1FAIpQLSectKbpUZwfqgjbKJ6juyO_Nk6PI1qrwC27OY4O02V3kcnTEw/viewform
2026-10-14,Wed,"9:00-10:00, 11:00-12:00",Drew Elementary,"Toddler, Pre-K, TK-5",open,,2026-10-05,https://docs.google.com/forms/d/e/1FAIpQLSf9c_ZCodOW06O6l2HxbMQ3kU8a8AxoZU3-Ojevz723lyqR8Q/viewform
2026-10-14,Wed,9:00- 10:00 a.m.,Hillcrest Elementary,TK-5,open,,2026-10-05,https://docs.google.com/forms/d/e/1FAIpQLSfdSiVr8KU6feah_nrffWnx3CiGO4fJm2A2LxaOzFlyaz8YpQ/viewform
2026-10-14,Wed,9:00-9:30,Moscone Elementary,TK-5,open,,2026-10-05,https://docs.google.com/forms/d/e/1FAIpQLSd_oPcd9kYNy9L9iWU-1v-wXJwOY8eIO3N2onmr8WRPGDdqWA/viewform
2026-10-14,Wed,8:30 - 9:30,Taylor Elementary,"Pre-K, TK-5",open,,2026-10-05,https://docs.google.com/forms/d/e/1FAIpQLSf5EehOkCafPlOJ8uRb_4QSrueO4r2QcMrH4dRdQHyaErSXxg/viewform
2026-10-16,Fri,9:00-10:00 am,McLaren Early Education School,"Pre-K, TK",open,,2026-10-05,https://docs.google.com/forms/d/e/1FAIpQLSfKzxUe3rsV_Rwny_XMvVMuJYEl7tI6at7CGXZF10QAlpPcFw/viewform
2026-10-16,Fri,10:00-11:00 am,Chin Elementary,K-5,open,,2026-10-05,https://docs.google.com/forms/d/e/1FAIpQLSeYdzPVlHgSsS5gsW7BVxzyyZkEYLeKBJcvk0HwlMeuEPjTJA/viewform
2026-10-16,Fri,10:00am - 11:00am,Yick Wo Elementary School,K-5,open,,2026-10-05,https://docs.google.com/forms/d/e/1FAIpQLSf0go9Rsh8q032i7X8al-Pk2zUHLL1ukUOvUnRRHLM8dhJjaw/viewform
2026-10-16,Fri,8:30-9:30,Feinstein Elementary,TK-5,open,,2026-10-05,https://docs.google.com/forms/d/e/1FAIpQLSd3pWaENmETjb2yHFMj8VlI-4QhjeJWq3GaumCDw81El7uZhQ/viewform
2026-10-16,Fri,7:45-8:45,Parks Elementary,TK-5,open,,2026-10-05,https://docs.google.com/forms/d/e/1FAIpQLScRupKDwHx7u8dvNz9HvzP1N2TWOn8EvnaZbEP9kM4tvZfKKA/viewform
2026-10-19,Mon,8:30-9:30am,Spring Valley Science Elementary,TK-5,open,,2026-10-05,https://docs.google.com/forms/u/2/d/e/1FAIpQLSco8QW_aHb11GesZcZo8z4NlDvuVQ30Ps1YkUOS-TavXIkK0w/viewform
2026-10-20,Tue,8:30-9:15am,Mission Bay Elementary School,"Pre-K, TK-1",open,,2026-10-05,https://forms.gle/rDwhWjjHnDj4qTQ29
2026-10-20,Tue,8:30-9:30 am,Webster Elementary,K-5,open,,2026-10-05,https://docs.google.com/forms/u/2/d/e/1FAIpQLSfM0lJb3r1nDxHWVugW-S-GiZb97O_1qIgFXgu_K0WBdvKweA/viewform
2026-10-20,Tue,9:00-10 AM,Tenderloin Community Elementary,"Pre-K, TK-5",open,,2026-10-05,https://docs.google.com/forms/d/e/1FAIpQLSf5fWGyNiZE_vwwUkjq24zpYt7v7vRcneobhzWZiQJd54E4zg/viewform
2026-10-20,Tue,9:30-10:30 AM,Tenderloin Community Elementary,"Pre-K, TK-5",open,,2026-10-05,https://docs.google.com/forms/d/e/1FAIpQLSf5fWGyNiZE_vwwUkjq24zpYt7v7vRcneobhzWZiQJd54E4zg/viewform
2026-10-20,Tue,10:00 - 10:45am,Harte Elementary,"Pre-K, TK-5",open,,2026-10-05,https://docs.google.com/forms/d/e/1FAIpQLSeOiClzysiFbt8-BQEg36QFFEDNDTKQyt23M9vkTXxyN7rRNw/viewform
2026-10-20,Tue,10:00-11 AM,Tenderloin Community Elementary,"Pre-K, TK-5",open,,2026-10-05,https://docs.google.com/forms/d/e/1FAIpQLSf5fWGyNiZE_vwwUkjq24zpYt7v7vRcneobhzWZiQJd54E4zg/viewform
2026-10-20,Tue,10:30-11:30 am,Stockton Early Education School,"Toddler, Pre-K, TK",open,,2026-10-05,https://docs.google.com/forms/d/e/1FAIpQLScQCvqzTgXNf6l1Y7pcsFykC4EYKUA79TEqh4TjU9GnXiSSDg/viewform
2026-10-20,Tue,10:30-11:30AM,Tenderloin Community Elementary,"Pre-K, TK-5",open,,2026-10-05,https://docs.google.com/forms/d/e/1FAIpQLSf5fWGyNiZE_vwwUkjq24zpYt7v7vRcneobhzWZiQJd54E4zg/viewform
2026-10-20,Tue,9:00:00 AM to 10:15am,Glen Park Elementary,K-5,open,,2026-10-05,https://docs.google.com/forms/d/e/1FAIpQLSeorR9G6wD922pX3GX1ngOZwK4UrNAKdcRLmd6PtIRhDGlgOA/viewform
2026-10-21,Wed,7:50-9:00am,Flynn Elementary,TK-5,open,,2026-10-05,https://docs.google.com/forms/d/e/1FAIpQLSerTiL3KN1PMSb3nsLCEmV0Cftm0YtziFTJtyWeUObJCGEEUA/viewform
2026-10-21,Wed,9:00 am - 10:00 am,Noriega Early Education School,"Pre-K, TK",open,,2026-10-05,https://docs.google.com/forms/d/e/1FAIpQLScRG2VhCh2sGcvKfFGy5CF-5IN5bLaxnpk7iTNk2cjtUTCZ1w/viewform
2026-10-21,Wed,9:30-10:30am,Buena Vista Horace Mann TK-8 School,TK-8,open,,2026-10-05,https://docs.google.com/forms/d/e/1FAIpQLSeoHnQj1m7RCu4EHleNs_bALD_iZ4I0Q0299yTnF1K2fiyTkA/viewform
2026-10-21,Wed,9:40am-10:40am,Sunset Elementary,K-5,open,,2026-10-05,https://docs.google.com/forms/d/e/1FAIpQLSdvGEoQuVBcdOgBDkkWN-rJOF97gor1y33HV5POHkW22RWDnA/viewform
2026-10-21,Wed,10:00-11:00 am,Chin Elementary,K-5,open,,2026-10-05,https://docs.google.com/forms/d/e/1FAIpQLSeYdzPVlHgSsS5gsW7BVxzyyZkEYLeKBJcvk0HwlMeuEPjTJA/viewform
2026-10-21,Wed,10:00-11:00 am,Rooftop TK-8 School,TK-8,open,,2026-10-05,https://docs.google.com/forms/d/e/1FAIpQLSfI7C8Sw-1dLuTFqtQHdeptxR8V2EO53sone66feTs0q2iAkA/viewform
2026-10-21,Wed,10:00 - 11:00 am,Sunnyside Elementary,K-5,open,,2026-10-05,https://docs.google.com/forms/u/2/d/e/1FAIpQLSeq3ihwxPo-L8UWZwupaa9ay1l5tN35OSyZ1clIfwP8YLS-mw/viewform
2026-10-21,Wed,10:00am - 11:00am,Yick Wo Elementary School,K-5,open,,2026-10-05,https://docs.google.com/forms/d/e/1FAIpQLSf0go9Rsh8q032i7X8al-Pk2zUHLL1ukUOvUnRRHLM8dhJjaw/viewform
2026-10-21,Wed,"9:00-10:00, 11:00-12:00",Drew Elementary,"Toddler, Pre-K, TK-5",open,,2026-10-05,https://docs.google.com/forms/d/e/1FAIpQLSf9c_ZCodOW06O6l2HxbMQ3kU8a8AxoZU3-Ojevz723lyqR8Q/viewform
2026-10-21,Wed,9:00- 10:00 a.m.,Hillcrest Elementary,TK-5,open,,2026-10-05,https://docs.google.com/forms/d/e/1FAIpQLSfdSiVr8KU6feah_nrffWnx3CiGO4fJm2A2LxaOzFlyaz8YpQ/viewform
2026-10-21,Wed,9:00-9:30,Moscone Elementary,TK-5,open,,2026-10-05,https://docs.google.com/forms/d/e/1FAIpQLSd_oPcd9kYNy9L9iWU-1v-wXJwOY8eIO3N2onmr8WRPGDdqWA/viewform
2026-10-21,Wed,8:30 - 9:30,Taylor Elementary,"Pre-K, TK-5",open,,2026-10-05,https://docs.google.com/forms/d/e/1FAIpQLSf5EehOkCafPlOJ8uRb_4QSrueO4r2QcMrH4dRdQHyaErSXxg/viewform
2026-10-22,Thu,8:30-9:30 am,Ortega Elementary,"Pre-K, TK-5",open,,2026-10-05,https://docs.google.com/forms/d/e/1FAIpQLSeXLRezEAhptKqZlawmKuDQgHshr6-NDNgy5bOHBSXXFtD_Uw/viewform
2026-10-22,Thu,9:45-10:45 am,Milk Civil Rights Elementary,TK-5,open,,2026-10-05,https://docs.google.com/forms/d/e/1FAIpQLSf6JQicVERGYqNFPr5V1aVjd8UwFs4ifeZdLKXSB0_bBsWzIA/viewform
2026-10-22,Thu,12:45-1:45p,Lafayette Elementary,TK-5,open,,2026-10-05,https://docs.google.com/forms/d/e/1FAIpQLSdWeBMWLMuRmKa-WpEhian25H7mBcNmbLHhSuf4IBdDaoHDYA/viewform
2026-10-23,Fri,7:45-8:55am,Clarendon Elementary,TK-5,open,,2026-10-05,https://docs.google.com/forms/d/e/1FAIpQLSeQNbeIX60U5mM4M-lF4cHNR6f23sgt98Cvab5lqpSEgtmaKA/viewform
2026-10-23,Fri,8:00-9:15 am,Miraloma Elementary,TK-5,open,,2026-10-05,https://docs.google.com/forms/d/e/1FAIpQLScvxCBQc8jeiYfDQiKCUX6FfFdRiEgUbLrYOnBW-xkaWTl7Tw/viewform
2026-10-23,Fri,9:00-10:00am,Sherman Elementary,TK-5,open,,2026-10-05,https://docs.google.com/forms/d/e/1FAIpQLSdOa41ZAnNoLqSvf1mCs931E-9X2ZRuL0Y-fKvjIsMGOGsqrA/viewform
2026-10-23,Fri,9:30-10:30AM,Guadalupe Elementary,"Pre-K, TK-5",open,,2026-10-05,https://docs.google.com/forms/d/e/1FAIpQLSfKKHjc9cnCtCVoJVwOdSCrn-oeoZf7mO6aybxVQTOvaY_Fxg/viewform
2026-10-23,Fri,9:30-10:30 am,San Francisco Community TK-8,TK-8,open,,2026-10-05,https://docs.google.com/forms/d/e/1FAIpQLSevIbM2tFhpjTOu4JWh9Q2J_-0JgEaSg5m46UcfBdBtyZ_VVw/viewform
2026-10-23,Fri,8:30-9:30,Feinstein Elementary,TK-5,open,,2026-10-05,https://docs.google.com/forms/d/e/1FAIpQLSd3pWaENmETjb2yHFMj8VlI-4QhjeJWq3GaumCDw81El7uZhQ/viewform
2026-10-23,Fri,8:00-9:15,Miraloma Elementary,TK-5,open,,2026-10-05,https://docs.google.com/forms/d/e/1FAIpQLScvxCBQc8jeiYfDQiKCUX6FfFdRiEgUbLrYOnBW-xkaWTl7Tw/viewform
2026-10-23,Fri,8:30-9:10,Serra Elementary,TK-5,open,,2026-10-05,https://docs.google.com/forms/d/e/1FAIpQLSfpe6Rhf-j-DLWD9-mDxFUHlcoByZGxUEYxAc8PrE77qPHwzQ/viewform
2026-10-26,Mon,9:30am - 10:30am,Lawton Elementary,TK-8,open,,2026-10-05,https://docs.google.com/forms/d/e/1FAIpQLSc9jhBJ9eLBUUoRVQPYLb6sKmBLVl_c14cpvPFQlW3hIdQoJA/viewform
2026-10-26,Mon,10:00 - 10:45 am,Longfellow Elementary,TK-5,open,,2026-10-05,https://docs.google.com/forms/d/e/1FAIpQLSe4J0xoqDn7-qJ79RRUXwzexlDE27KbXuX0GUdEqmHTe-aUKQ/viewform
2026-10-26,Mon,10:15-11am,Parker Elementary,TK-5,open,,2026-10-05,https://docs.google.com/forms/d/e/1FAIpQLSeKa9IhWVOnWqWTpeN6DK3Y_rDhBncD2eAiIRI2z8zSZaAjSA/viewform
2026-10-27,Tue,8:30-9:15am,Mission Bay Elementary School,"Pre-K, TK-1",open,,2026-10-05,https://forms.gle/rDwhWjjHnDj4qTQ29
2026-10-27,Tue,8:30-9:30am,Peabody Elementary,K-5,open,,2026-10-05,https://docs.google.com/forms/d/e/1FAIpQLSdEiEUA3MjhN4g5vzKRwxvifBptvCl5d4ucOHMq0hShg5ZtWA/viewform
2026-10-27,Tue,8:30-9:30 am,Webster Elementary,K-5,open,,2026-10-05,https://docs.google.com/forms/u/2/d/e/1FAIpQLSfM0lJb3r1nDxHWVugW-S-GiZb97O_1qIgFXgu_K0WBdvKweA/viewform
2026-10-27,Tue,9:00-10 AM,Tenderloin Community Elementary,"Pre-K, TK-5",open,,2026-10-05,https://docs.google.com/forms/d/e/1FAIpQLSf5fWGyNiZE_vwwUkjq24zpYt7v7vRcneobhzWZiQJd54E4zg/viewform
2026-10-27,Tue,9:30-10:30 AM,Tenderloin Community Elementary,"Pre-K, TK-5",open,,2026-10-05,https://docs.google.com/forms/d/e/1FAIpQLSf5fWGyNiZE_vwwUkjq24zpYt7v7vRcneobhzWZiQJd54E4zg/viewform
2026-10-27,Tue,10:00 - 10:45am,Harte Elementary,"Pre-K, TK-5",open,,2026-10-05,https://docs.google.com/forms/d/e/1FAIpQLSeOiClzysiFbt8-BQEg36QFFEDNDTKQyt23M9vkTXxyN7rRNw/viewform
2026-10-27,Tue,10:00-11 AM,Tenderloin Community Elementary,"Pre-K, TK-5",open,,2026-10-05,https://docs.google.com/forms/d/e/1FAIpQLSf5fWGyNiZE_vwwUkjq24zpYt7v7vRcneobhzWZiQJd54E4zg/viewform
2026-10-27,Tue,10:30-11:30 am,Stockton Early Education School,"Toddler, Pre-K, TK",open,,2026-10-05,https://docs.google.com/forms/d/e/1FAIpQLScQCvqzTgXNf6l1Y7pcsFykC4EYKUA79TEqh4TjU9GnXiSSDg/viewform
2026-10-27,Tue,9:00:00 AM to 10:15am,Glen Park Elementary,K-5,open,,2026-10-05,https://docs.google.com/forms/d/e/1FAIpQLSeorR9G6wD922pX3GX1ngOZwK4UrNAKdcRLmd6PtIRhDGlgOA/viewform
2026-10-27,Tue,11:00:00 AM-11:30 AM,Muir Elementary,"Pre-K, TK-5",open,,2026-10-05,https://docs.google.com/forms/d/e/1FAIpQLScgzmbzKBWHP2HHNWFVBwMsgkQUEUrxsG1H7enUwfGKV0Pkzw/viewform
2026-10-28,Wed,7:50-9:00am,Flynn Elementary,TK-5,open,,2026-10-05,https://docs.google.com/forms/d/e/1FAIpQLSerTiL3KN1PMSb3nsLCEmV0Cftm0YtziFTJtyWeUObJCGEEUA/viewform
2026-10-28,Wed,8:15-9:15 am,Alamo Elementary,TK-5,open,,2026-10-05,https://docs.google.com/forms/d/e/1FAIpQLSfyup35MI3qBYfzCCaEGEyWOLe6kiLhILyenjvolpGXnRhiOg/viewform
2026-10-28,Wed,8:15 AM -9:00 AM,Jefferson Elementary,K-5,open,,2026-10-05,https://docs.google.com/forms/d/e/1FAIpQLSfiOapBapE-eJSSMJOSEL6y68F1ZR7BHfbX7KcphdQBEDgKvg/viewform
2026-10-28,Wed,8:30-9:30am,Garfield Elementary,TK-5,open,,2026-10-05,https://docs.google.com/forms/d/e/1FAIpQLSd6e6v-GNRoUbfilSWY2kaq6SpW8W6suTt26nc62cOTJ2llTg/viewform
2026-10-28,Wed,9:00 - 10:00 am,Bryant Elementary,TK-5,open,,2026-10-05,https://docs.google.com/forms/d/e/1FAIpQLSf26_LledLvcRk10HF6XTZM_INrgS6qrXpULVXp-xU37DZLmQ/viewform
2026-10-28,Wed,9:30-10:30am,Buena Vista Horace Mann TK-8 School,TK-8,open,,2026-10-05,https://docs.google.com/forms/d/e/1FAIpQLSeoHnQj1m7RCu4EHleNs_bALD_iZ4I0Q0299yTnF1K2fiyTkA/viewform
2026-10-28,Wed,9:30-10:45am,McCoppin Elementary,"Pre-K, TK-5",open,,2026-10-05,https://docs.google.com/forms/u/2/d/e/1FAIpQLSdR2bW1uJplVZ6Ao3t9CvljW_k4QNQc9-Xb8c_7-WSrzT0ykg/viewform
2026-10-28,Wed,9:40am-10:40am,Sunset Elementary,K-5,open,,2026-10-05,https://docs.google.com/forms/d/e/1FAIpQLSdvGEoQuVBcdOgBDkkWN-rJOF97gor1y33HV5POHkW22RWDnA/viewform
2026-10-28,Wed,10:00-11:15 am,Lakeshore Elementary,TK-5,open,,2026-10-05,https://docs.google.com/forms/d/e/1FAIpQLScFcHIVR7h9CSlF2qNtgyeSKoN1qmImmxE87YjT4rUxdjJncg/viewform
2026-10-28,Wed,10:00am-11:00am,Sutro Elementary,TK-5,open,,2026-10-05,https://docs.google.com/forms/u/2/d/e/1FAIpQLSewZ33SLL-W-AI5KiIvTxr8807MjHMxVCpJRAYdGttPt7aOrw/viewform
2026-10-28,Wed,10:00am - 11:00am,Yick Wo Elementary School,K-5,open,,2026-10-05,https://docs.google.com/forms/d/e/1FAIpQLSf0go9Rsh8q032i7X8al-Pk2zUHLL1ukUOvUnRRHLM8dhJjaw/viewform
2026-10-28,Wed,"9:00-10:00, 11:00-12:00",Drew Elementary,"Toddler, Pre-K, TK-5",open,,2026-10-05,https://docs.google.com/forms/d/e/1FAIpQLSf9c_ZCodOW06O6l2HxbMQ3kU8a8AxoZU3-Ojevz723lyqR8Q/viewform
2026-10-28,Wed,9:00- 10:00 a.m.,Hillcrest Elementary,TK-5,open,,2026-10-05,https://docs.google.com/forms/d/e/1FAIpQLSfdSiVr8KU6feah_nrffWnx3CiGO4fJm2A2LxaOzFlyaz8YpQ/viewform
2026-10-28,Wed,9:00-9:30,Moscone Elementary,TK-5,open,,2026-10-05,https://docs.google.com/forms/d/e/1FAIpQLSd_oPcd9kYNy9L9iWU-1v-wXJwOY8eIO3N2onmr8WRPGDdqWA/viewform
2026-10-28,Wed,8:30 - 9:30,Taylor Elementary,"Pre-K, TK-5",open,,2026-10-05,https://docs.google.com/forms/d/e/1FAIpQLSf5EehOkCafPlOJ8uRb_4QSrueO4r2QcMrH4dRdQHyaErSXxg/viewform
2026-10-29,Thu,8:30-9:30 am,Ortega Elementary,"Pre-K, TK-5",open,,2026-10-05,https://docs.google.com/forms/d/e/1FAIpQLSeXLRezEAhptKqZlawmKuDQgHshr6-NDNgy5bOHBSXXFtD_Uw/viewform
2026-10-29,Thu,9:00-10:00am,Monroe Elementary,K-5,open,,2026-10-05,https://docs.google.com/forms/d/e/1FAIpQLSc5It2I53pZzYoM6onEQGMEYAyJyhZcVkIazHlh8BUxFQILMA/viewform
2026-10-29,Thu,9:30-10:30 am,San Francisco Community TK-8,TK-8,open,,2026-10-05,https://docs.google.com/forms/d/e/1FAIpQLSevIbM2tFhpjTOu4JWh9Q2J_-0JgEaSg5m46UcfBdBtyZ_VVw/viewform
2026-10-29,Thu,10:00-11:00 am,Chin Elementary,K-5,open,,2026-10-05,https://docs.google.com/forms/d/e/1FAIpQLSeYdzPVlHgSsS5gsW7BVxzyyZkEYLeKBJcvk0HwlMeuEPjTJA/viewform
2026-10-29,Thu,9:00 a.m. - 10 a.m.,Lau Elementary,TK-5,open,,2026-10-05,https://docs.google.com/forms/d/e/1FAIpQLSe-A0kP43BPsFL7cZgjbnCiNTUYprn5ASKyES7LaG937-kv8w/viewform
2026-10-29,Thu,9:00 a.m. - 10 a.m.,Lee Newcomer School,K-5,open,,2026-10-05,https://docs.google.com/forms/u/2/d/e/1FAIpQLSdWgfgDpxisiyW3TuDWUxg1Pt9FyE9zDcm9Xc3WSKztPrx7MQ/viewform
2026-10-29,Thu,7:45-8:45,Parks Elementary,TK-5,open,,2026-10-05,https://docs.google.com/forms/d/e/1FAIpQLScRupKDwHx7u8dvNz9HvzP1N2TWOn8EvnaZbEP9kM4tvZfKKA/viewform
2026-10-30,Fri,9:00-10:00am,San Francisco Public Montessori Elementary,"Pre-K, TK-5",open,,2026-10-05,https://docs.google.com/forms/d/e/1FAIpQLScKSAeBtjyyyOSlW6dsnQNKD9sLB0rZ1raCPQb0ZDzWNPTqUw/viewform
2026-10-30,Fri,10:00-11:00 AM,Cleveland Elementary,TK-5,open,,2026-10-05,https://docs.google.com/forms/d/e/1FAIpQLSdSyTo2pkf45UnefaUTJ4jFa2nYzmqx1FvDpsoRD1SDj86tvw/viewform
2026-10-30,Fri,8:45 - 9:45,Sanchez Elementary,"Pre-K, TK-5",open,,2026-10-05,https://docs.google.com/forms/d/e/1FAIpQLSe3nEx3wE-4PVwnjm6ZHa74b76ptSiy4khPuq5I_z2DRuJHfw/viewform
2026-11-02,Mon,8:30-9:30am,Spring Valley Science Elementary,TK-5,open,,2026-10-05,https://docs.google.com/forms/u/2/d/e/1FAIpQLSco8QW_aHb11GesZcZo8z4NlDvuVQ30Ps1YkUOS-TavXIkK0w/viewform
2026-11-02,Mon,9:30am - 10:30am,Lawton Elementary,TK-8,open,,2026-10-05,https://docs.google.com/forms/d/e/1FAIpQLSc9jhBJ9eLBUUoRVQPYLb6sKmBLVl_c14cpvPFQlW3hIdQoJA/viewform
2026-11-02,Mon,10:00 - 10:45 am,Longfellow Elementary,TK-5,open,,2026-10-05,https://docs.google.com/forms/d/e/1FAIpQLSe4J0xoqDn7-qJ79RRUXwzexlDE27KbXuX0GUdEqmHTe-aUKQ/viewform
2026-11-02,Mon,10:15-11am,Parker Elementary,TK-5,open,,2026-10-05,https://docs.google.com/forms/d/e/1FAIpQLSeKa9IhWVOnWqWTpeN6DK3Y_rDhBncD2eAiIRI2z8zSZaAjSA/viewform
2026-11-03,Tue,8:30-9:15am,Mission Bay Elementary School,"Pre-K, TK-1",open,,2026-10-05,https://forms.gle/rDwhWjjHnDj4qTQ29
2026-11-03,Tue,8:30-9:30am,Peabody Elementary,K-5,open,,2026-10-05,https://docs.google.com/forms/d/e/1FAIpQLSdEiEUA3MjhN4g5vzKRwxvifBptvCl5d4ucOHMq0hShg5ZtWA/viewform
2026-11-03,Tue,8:30-9:30 am,Webster Elementary,K-5,open,,2026-10-05,https://docs.google.com/forms/u/2/d/e/1FAIpQLSfM0lJb3r1nDxHWVugW-S-GiZb97O_1qIgFXgu_K0WBdvKweA/viewform
2026-11-03,Tue,9:00-10:00 AM,Sheridan Elementary,"Pre-K, TK-5",open,,2026-10-05,https://docs.google.com/forms/d/e/1FAIpQLSezIpXttoKr28anB_YG88ceRIcge0tYoTIY1FmjsJJsBWbJuA/viewform
2026-11-03,Tue,10:00 - 10:45am,Harte Elementary,"Pre-K, TK-5",open,,2026-10-05,https://docs.google.com/forms/d/e/1FAIpQLSeOiClzysiFbt8-BQEg36QFFEDNDTKQyt23M9vkTXxyN7rRNw/viewform
2026-11-03,Tue,10:30-11:30 am,Stockton Early Education School,"Toddler, Pre-K, TK",open,,2026-10-05,https://docs.google.com/forms/d/e/1FAIpQLScQCvqzTgXNf6l1Y7pcsFykC4EYKUA79TEqh4TjU9GnXiSSDg/viewform
2026-11-03,Tue,12:45-1:45p,Lafayette Elementary,TK-5,open,,2026-10-05,https://docs.google.com/forms/d/e/1FAIpQLSdWeBMWLMuRmKa-WpEhian25H7mBcNmbLHhSuf4IBdDaoHDYA/viewform
2026-11-03,Tue,11:00:00 AM-11:30 AM,Muir Elementary,"Pre-K, TK-5",open,,2026-10-05,https://docs.google.com/forms/d/e/1FAIpQLScgzmbzKBWHP2HHNWFVBwMsgkQUEUrxsG1H7enUwfGKV0Pkzw/viewform
2026-11-04,Wed,8:15 AM -9:00 AM,Jefferson Elementary,K-5,open,,2026-10-05,https://docs.google.com/forms/d/e/1FAIpQLSfiOapBapE-eJSSMJOSEL6y68F1ZR7BHfbX7KcphdQBEDgKvg/viewform
2026-11-04,Wed,9:00 - 10:00 am,Bryant Elementary,TK-5,open,,2026-10-05,https://docs.google.com/forms/d/e/1FAIpQLSf26_LledLvcRk10HF6XTZM_INrgS6qrXpULVXp-xU37DZLmQ/viewform
2026-11-04,Wed,9:00 - 10:00 am,Chinese Immersion School,TK-5,open,,2026-10-05,https://docs.google.com/forms/d/e/1FAIpQLSc5PAj7fjP641XA0kC_KUbXZvKIM7pBwzWCfBU-NRUV838GDQ/viewform
2026-11-04,Wed,9:30-10:30 AM,Visitacion Valley Elementary,TK-5,open,,2026-10-05,https://docs.google.com/forms/u/2/d/e/1FAIpQLSd-eCDJ_W2Q1xgCEhcPitOMdJq4xofWgggM0EVyNSlzFeXCuQ/viewform
2026-11-04,Wed,9:40am-10:40am,Sunset Elementary,K-5,open,,2026-10-05,https://docs.google.com/forms/d/e/1FAIpQLSdvGEoQuVBcdOgBDkkWN-rJOF97gor1y33HV5POHkW22RWDnA/viewform
2026-11-04,Wed,10:00-11:00 am,Chin Elementary,K-5,open,,2026-10-05,https://docs.google.com/forms/d/e/1FAIpQLSeYdzPVlHgSsS5gsW7BVxzyyZkEYLeKBJcvk0HwlMeuEPjTJA/viewform
2026-11-04,Wed,10:00-11:15 am,Lakeshore Elementary,TK-5,open,,2026-10-05,https://docs.google.com/forms/d/e/1FAIpQLScFcHIVR7h9CSlF2qNtgyeSKoN1qmImmxE87YjT4rUxdjJncg/viewform
2026-11-04,Wed,10:00 - 11:00 am,Sunnyside Elementary,K-5,open,,2026-10-05,https://docs.google.com/forms/u/2/d/e/1FAIpQLSeq3ihwxPo-L8UWZwupaa9ay1l5tN35OSyZ1clIfwP8YLS-mw/viewform
2026-11-04,Wed,10:00am - 11:00am,Yick Wo Elementary School,K-5,open,,2026-10-05,https://docs.google.com/forms/d/e/1FAIpQLSf0go9Rsh8q032i7X8al-Pk2zUHLL1ukUOvUnRRHLM8dhJjaw/viewform
2026-11-04,Wed,9:00-9:45,Carver Elementary,"Pre-K, TK-5",open,,2026-10-05,https://docs.google.com/forms/d/e/1FAIpQLSectKbpUZwfqgjbKJ6juyO_Nk6PI1qrwC27OY4O02V3kcnTEw/viewform
2026-11-04,Wed,"9:00-10:00, 11:00-12:00",Drew Elementary,"Toddler, Pre-K, TK-5",open,,2026-10-05,https://docs.google.com/forms/d/e/1FAIpQLSf9c_ZCodOW06O6l2HxbMQ3kU8a8AxoZU3-Ojevz723lyqR8Q/viewform
2026-11-04,Wed,9:00- 10:00 a.m.,Hillcrest Elementary,TK-5,open,,2026-10-05,https://docs.google.com/forms/d/e/1FAIpQLSfdSiVr8KU6feah_nrffWnx3CiGO4fJm2A2LxaOzFlyaz8YpQ/viewform
2026-11-04,Wed,9:00-9:30,Moscone Elementary,TK-5,open,,2026-10-05,https://docs.google.com/forms/d/e/1FAIpQLSd_oPcd9kYNy9L9iWU-1v-wXJwOY8eIO3N2onmr8WRPGDdqWA/viewform
2026-11-04,Wed,8:30-9:10,Serra Elementary,TK-5,open,,2026-10-05,https://docs.google.com/forms/d/e/1FAIpQLSfpe6Rhf-j-DLWD9-mDxFUHlcoByZGxUEYxAc8PrE77qPHwzQ/viewform
2026-11-04,Wed,8:30 - 9:30,Taylor Elementary,"Pre-K, TK-5",open,,2026-10-05,https://docs.google.com/forms/d/e/1FAIpQLSf5EehOkCafPlOJ8uRb_4QSrueO4r2QcMrH4dRdQHyaErSXxg/viewform
2026-11-05,Thu,9:00-10:00 am,Cobb Elementary,"Pre-K, TK-5",open,,2026-10-05,https://forms.gle/6NdeYvMnrFGicyKQA
2026-11-05,Thu,4:15-5:15 pm,San Francisco Community TK-8,TK-8,open,,2026-10-05,https://docs.google.com/forms/d/e/1FAIpQLSevIbM2tFhpjTOu4JWh9Q2J_-0JgEaSg5m46UcfBdBtyZ_VVw/viewform
2026-11-05,Thu,4:30pm - 5:30pm,Glen Park Elementary,K-5,open,,2026-10-05,https://docs.google.com/forms/d/e/1FAIpQLSeorR9G6wD922pX3GX1ngOZwK4UrNAKdcRLmd6PtIRhDGlgOA/viewform
2026-11-05,Thu,5:30-6:30 pm,Milk Civil Rights Elementary,TK-5,open,,2026-10-05,https://docs.google.com/forms/d/e/1FAIpQLSf6JQicVERGYqNFPr5V1aVjd8UwFs4ifeZdLKXSB0_bBsWzIA/viewform
2026-11-05,Thu,7:45-8:45,Parks Elementary,TK-5,open,,2026-10-05,https://docs.google.com/forms/d/e/1FAIpQLScRupKDwHx7u8dvNz9HvzP1N2TWOn8EvnaZbEP9kM4tvZfKKA/viewform
2026-11-06,Fri,8:30-9:30am,Alvarado Elementary,TK-5,open,,2026-10-05,https://docs.google.com/forms/d/e/1FAIpQLSdKQlam4uOWYeqIf5d9CCQB1sjkJTuvQaIHqvWFX1PxiCDg3w/viewform
2026-11-06,Fri,8:30-10 am,Marshall Elementary,K-5,open,,2026-10-05,https://docs.google.com/forms/d/e/1FAIpQLSfEGpQSoxxXXDEYt4eG6cafC9XJC64pWdx-Z88UfcMbYWE8Nw/viewform
2026-11-06,Fri,9:00-10:00 am,McLaren Early Education School,"Pre-K, TK",open,,2026-10-05,https://docs.google.com/forms/d/e/1FAIpQLSfKzxUe3rsV_Rwny_XMvVMuJYEl7tI6at7CGXZF10QAlpPcFw/viewform
2026-11-06,Fri,9:00-10:00am,Monroe Elementary,K-5,open,,2026-10-05,https://docs.google.com/forms/d/e/1FAIpQLSc5It2I53pZzYoM6onEQGMEYAyJyhZcVkIazHlh8BUxFQILMA/viewform
2026-11-06,Fri,9:00-10:00am,Sherman Elementary,TK-5,open,,2026-10-05,https://docs.google.com/forms/d/e/1FAIpQLSdOa41ZAnNoLqSvf1mCs931E-9X2ZRuL0Y-fKvjIsMGOGsqrA/viewform
2026-11-06,Fri,9:30AM-10:00AM (TK),Argonne Early Education School,"Pre-K, TK",open,,2026-10-05,https://docs.google.com/forms/d/e/1FAIpQLSfA3NEtldkl2_9KJzIRHMvydNBr1iywRMp5MUGCh6DwJw9Xxw/viewform
2026-11-06,Fri,9:30-10:30AM,Guadalupe Elementary,"Pre-K, TK-5",open,,2026-10-05,https://docs.google.com/forms/d/e/1FAIpQLSfKKHjc9cnCtCVoJVwOdSCrn-oeoZf7mO6aybxVQTOvaY_Fxg/viewform
2026-11-06,Fri,9:30-10:45am,McCoppin Elementary,"Pre-K, TK-5",open,,2026-10-05,https://docs.google.com/forms/u/2/d/e/1FAIpQLSdR2bW1uJplVZ6Ao3t9CvljW_k4QNQc9-Xb8c_7-WSrzT0ykg/viewform
2026-11-06,Fri,10:00AM-10:30AM (PK),Argonne Early Education School,"Pre-K, TK",open,,2026-10-05,https://docs.google.com/forms/d/e/1FAIpQLSfA3NEtldkl2_9KJzIRHMvydNBr1iywRMp5MUGCh6DwJw9Xxw/viewform
2026-11-06,Fri,10:00-11:00 AM,Cleveland Elementary,TK-5,open,,2026-10-05,https://docs.google.com/forms/d/e/1FAIpQLSdSyTo2pkf45UnefaUTJ4jFa2nYzmqx1FvDpsoRD1SDj86tvw/viewform
2026-11-06,Fri,10am-10:45am,Serra Elementary,TK-5,open,,2026-10-05,https://docs.google.com/forms/d/e/1FAIpQLSfpe6Rhf-j-DLWD9-mDxFUHlcoByZGxUEYxAc8PrE77qPHwzQ/viewform
2026-11-06,Fri,10:30-11:30am,Redding Elementary,TK-5,open,,2026-10-05,https://docs.google.com/forms/d/e/1FAIpQLScfMa_KjszAdGKg_FlO8yHs5e3E-msXD0VplZSOk_9s2Sh-Hw/viewform
2026-11-06,Fri,4:30-5:55pm,Clarendon Elementary,TK-5,open,,2026-10-05,https://docs.google.com/forms/d/e/1FAIpQLSeQNbeIX60U5mM4M-lF4cHNR6f23sgt98Cvab5lqpSEgtmaKA/viewform
2026-11-06,Fri,5:00-6:00pm,Flynn Elementary,TK-5,open,,2026-10-05,https://docs.google.com/forms/d/e/1FAIpQLSerTiL3KN1PMSb3nsLCEmV0Cftm0YtziFTJtyWeUObJCGEEUA/viewform
2026-11-06,Fri,9:00:00 AM to 10:15am,Glen Park Elementary,K-5,open,,2026-10-05,https://docs.google.com/forms/d/e/1FAIpQLSeorR9G6wD922pX3GX1ngOZwK4UrNAKdcRLmd6PtIRhDGlgOA/viewform
2026-11-09,Mon,9:30am - 10:30am,Lawton Elementary,TK-8,open,,2026-10-05,https://docs.google.com/forms/d/e/1FAIpQLSc9jhBJ9eLBUUoRVQPYLb6sKmBLVl_c14cpvPFQlW3hIdQoJA/viewform
2026-11-09,Mon,10:15-11am,Parker Elementary,TK-5,open,,2026-10-05,https://docs.google.com/forms/d/e/1FAIpQLSeKa9IhWVOnWqWTpeN6DK3Y_rDhBncD2eAiIRI2z8zSZaAjSA/viewform
2026-11-09,Mon,2:00-3:00 pm,Rooftop TK-8 School,TK-8,open,,2026-10-05,https://docs.google.com/forms/d/e/1FAIpQLSfI7C8Sw-1dLuTFqtQHdeptxR8V2EO53sone66feTs0q2iAkA/viewform
2026-11-09,Mon,5:00-6:00pm,Lilienthal TK-8 School,K-8,open,,2026-10-05,https://docs.google.com/forms/d/e/1FAIpQLSddb8ggymi3fjB7lnNbw058u4V930lgzl9yV06QtyYxjVkxjQ/viewform
2026-11-09,Mon,5:00-6:00 PM,New Traditions Elementary,K-5,open,,2026-10-05,https://docs.google.com/forms/u/2/d/e/1FAIpQLSdttbyVviotDeHYJWbJOjaRLGrE-E_yMMf28mRxCuE_MEYZRg/viewform
2026-11-10,Tue,8:30-9:15am,Mission Bay Elementary School,"Pre-K, TK-1",open,,2026-10-05,https://forms.gle/rDwhWjjHnDj4qTQ29
2026-11-10,Tue,8:30-9:30am,Peabody Elementary,K-5,open,,2026-10-05,https://docs.google.com/forms/d/e/1FAIpQLSdEiEUA3MjhN4g5vzKRwxvifBptvCl5d4ucOHMq0hShg5ZtWA/viewform
2026-11-10,Tue,8:30-9:30 am,Webster Elementary,K-5,open,,2026-10-05,https://docs.google.com/forms/u/2/d/e/1FAIpQLSfM0lJb3r1nDxHWVugW-S-GiZb97O_1qIgFXgu_K0WBdvKweA/viewform
2026-11-10,Tue,9:00-10:00 AM,Sheridan Elementary,"Pre-K, TK-5",open,,2026-10-05,https://docs.google.com/forms/d/e/1FAIpQLSezIpXttoKr28anB_YG88ceRIcge0tYoTIY1FmjsJJsBWbJuA/viewform
2026-11-10,Tue,9:00-10:00 am,Sloat Elementary,TK-5,open,,2026-10-05,https://docs.google.com/forms/d/e/1FAIpQLScfg1TMBfqzFHtdIVUccl7snTBcdE8e4AQv-c49NaamoceQCQ/viewform
2026-11-10,Tue,9:30-10:30am,Buena Vista Horace Mann TK-8 School,TK-8,open,,2026-10-05,https://docs.google.com/forms/d/e/1FAIpQLSeoHnQj1m7RCu4EHleNs_bALD_iZ4I0Q0299yTnF1K2fiyTkA/viewform
2026-11-10,Tue,9:30-10:30am,Yu K-8 School,K-8,open,,2026-10-05,https://docs.google.com/forms/u/2/d/e/1FAIpQLScl4ym57C_rlSI4QNi5sxxZ53dkZ0ERsHimAcUFzedABru_uA/viewform
2026-11-10,Tue,10:00 - 10:45am,Harte Elementary,"Pre-K, TK-5",open,,2026-10-05,https://docs.google.com/forms/d/e/1FAIpQLSeOiClzysiFbt8-BQEg36QFFEDNDTKQyt23M9vkTXxyN7rRNw/viewform
2026-11-10,Tue,10:30-11:30 am,Stockton Early Education School,"Toddler, Pre-K, TK",open,,2026-10-05,https://docs.google.com/forms/d/e/1FAIpQLScQCvqzTgXNf6l1Y7pcsFykC4EYKUA79TEqh4TjU9GnXiSSDg/viewform
2026-11-10,Tue,8:00-9:00a,Lafayette Elementary,TK-5,open,,2026-10-05,https://docs.google.com/forms/d/e/1FAIpQLSdWeBMWLMuRmKa-WpEhian25H7mBcNmbLHhSuf4IBdDaoHDYA/viewform
2026-11-10,Tue,11:00:00 AM-11:30 AM,Muir Elementary,"Pre-K, TK-5",open,,2026-10-05,https://docs.google.com/forms/d/e/1FAIpQLScgzmbzKBWHP2HHNWFVBwMsgkQUEUrxsG1H7enUwfGKV0Pkzw/viewform
2026-11-11,Wed,9:00-9:45,Carver Elementary,"Pre-K, TK-5",open,,2026-10-05,https://docs.google.com/forms/d/e/1FAIpQLSectKbpUZwfqgjbKJ6juyO_Nk6PI1qrwC27OY4O02V3kcnTEw/viewform
2026-11-11,Wed,8:30 - 9:30,Taylor Elementary,"Pre-K, TK-5",open,,2026-10-05,https://docs.google.com/forms/d/e/1FAIpQLSf5EehOkCafPlOJ8uRb_4QSrueO4r2QcMrH4dRdQHyaErSXxg/viewform
2026-11-12,Thu,8:30-9:30 am,Ortega Elementary,"Pre-K, TK-5",open,,2026-10-05,https://docs.google.com/forms/d/e/1FAIpQLSeXLRezEAhptKqZlawmKuDQgHshr6-NDNgy5bOHBSXXFtD_Uw/viewform
2026-11-12,Thu,9:00-10:00am,Malcolm X Elementary,"Pre-K, TK-5",open,,2026-10-05,https://docs.google.com/forms/d/e/1FAIpQLSfS9Wt--Mx3DyoDYNNpt9vKUG7lSr14DeOLSrAw7mmS3HKPfQ/viewform
2026-11-12,Thu,9:30-10:30am,Yu K-8 School,K-8,open,,2026-10-05,https://docs.google.com/forms/u/2/d/e/1FAIpQLScl4ym57C_rlSI4QNi5sxxZ53dkZ0ERsHimAcUFzedABru_uA/viewform
2026-11-13,Fri,7:45-8:55am,Clarendon Elementary,TK-5,open,,2026-10-05,https://docs.google.com/forms/d/e/1FAIpQLSeQNbeIX60U5mM4M-lF4cHNR6f23sgt98Cvab5lqpSEgtmaKA/viewform
2026-11-13,Fri,8:00-9:15 am,Miraloma Elementary,TK-5,open,,2026-10-05,https://docs.google.com/forms/d/e/1FAIpQLScvxCBQc8jeiYfDQiKCUX6FfFdRiEgUbLrYOnBW-xkaWTl7Tw/viewform
2026-11-13,Fri,8:15-9:15 am,Alamo Elementary,TK-5,open,,2026-10-05,https://docs.google.com/forms/d/e/1FAIpQLSfyup35MI3qBYfzCCaEGEyWOLe6kiLhILyenjvolpGXnRhiOg/viewform
2026-11-13,Fri,8:30-9:30am,Garfield Elementary,TK-5,open,,2026-10-05,https://docs.google.com/forms/d/e/1FAIpQLSd6e6v-GNRoUbfilSWY2kaq6SpW8W6suTt26nc62cOTJ2llTg/viewform
2026-11-13,Fri,9:00-10:00 am,Cobb Elementary,"Pre-K, TK-5",open,,2026-10-05,https://forms.gle/6NdeYvMnrFGicyKQA
2026-11-13,Fri,9:00-10:00am,San Francisco Public Montessori Elementary,"Pre-K, TK-5",open,,2026-10-05,https://docs.google.com/forms/d/e/1FAIpQLScKSAeBtjyyyOSlW6dsnQNKD9sLB0rZ1raCPQb0ZDzWNPTqUw/viewform
2026-11-13,Fri,9:30-10:30AM,Guadalupe Elementary,"Pre-K, TK-5",open,,2026-10-05,https://docs.google.com/forms/d/e/1FAIpQLSfKKHjc9cnCtCVoJVwOdSCrn-oeoZf7mO6aybxVQTOvaY_Fxg/viewform
2026-11-13,Fri,9:30-10:30 am,San Francisco Community TK-8,TK-8,open,,2026-10-05,https://docs.google.com/forms/d/e/1FAIpQLSevIbM2tFhpjTOu4JWh9Q2J_-0JgEaSg5m46UcfBdBtyZ_VVw/viewform
2026-11-13,Fri,9:30-10:30 AM,Visitacion Valley Elementary,TK-5,open,,2026-10-05,https://docs.google.com/forms/u/2/d/e/1FAIpQLSd-eCDJ_W2Q1xgCEhcPitOMdJq4xofWgggM0EVyNSlzFeXCuQ/viewform
2026-11-13,Fri,10:00-10:30AM,Carmichael TK-8 School,"Pre-K, TK-8",open,,2026-10-05,https://docs.google.com/forms/d/e/1FAIpQLSd0b_u5eqFVQ6GV8iU0j48ExYx-qrKpYpGB2xvSpOHEo28biA/viewform
2026-11-13,Fri,10:00-11:00 am,Chin Elementary,K-5,open,,2026-10-05,https://docs.google.com/forms/d/e/1FAIpQLSeYdzPVlHgSsS5gsW7BVxzyyZkEYLeKBJcvk0HwlMeuEPjTJA/viewform
2026-11-13,Fri,10:00-11:00 AM,Cleveland Elementary,TK-5,open,,2026-10-05,https://docs.google.com/forms/d/e/1FAIpQLSdSyTo2pkf45UnefaUTJ4jFa2nYzmqx1FvDpsoRD1SDj86tvw/viewform
2026-11-13,Fri,10:00am - 11:00am,Yick Wo Elementary School,K-5,open,,2026-10-05,https://docs.google.com/forms/d/e/1FAIpQLSf0go9Rsh8q032i7X8al-Pk2zUHLL1ukUOvUnRRHLM8dhJjaw/viewform
2026-11-13,Fri,8:30-9:30,Feinstein Elementary,TK-5,open,,2026-10-05,https://docs.google.com/forms/d/e/1FAIpQLSd3pWaENmETjb2yHFMj8VlI-4QhjeJWq3GaumCDw81El7uZhQ/viewform
2026-11-13,Fri,8:00-9:15,Miraloma Elementary,TK-5,open,,2026-10-05,https://docs.google.com/forms/d/e/1FAIpQLScvxCBQc8jeiYfDQiKCUX6FfFdRiEgUbLrYOnBW-xkaWTl7Tw/viewform
2026-11-13,Fri,8:30 - 9:30,Sanchez Elementary,"Pre-K, TK-5",open,,2026-10-05,https://docs.google.com/forms/d/e/1FAIpQLSe3nEx3wE-4PVwnjm6ZHa74b76ptSiy4khPuq5I_z2DRuJHfw/viewform
2026-11-16,Mon,9:30am - 10:30am,Lawton Elementary,TK-8,open,,2026-10-05,https://docs.google.com/forms/d/e/1FAIpQLSc9jhBJ9eLBUUoRVQPYLb6sKmBLVl_c14cpvPFQlW3hIdQoJA/viewform
2026-11-16,Mon,9:30-10:45am,McCoppin Elementary,"Pre-K, TK-5",open,,2026-10-05,https://docs.google.com/forms/u/2/d/e/1FAIpQLSdR2bW1uJplVZ6Ao3t9CvljW_k4QNQc9-Xb8c_7-WSrzT0ykg/viewform
2026-11-16,Mon,10:00 - 10:45 am,Longfellow Elementary,TK-5,open,,2026-10-05,https://docs.google.com/forms/d/e/1FAIpQLSe4J0xoqDn7-qJ79RRUXwzexlDE27KbXuX0GUdEqmHTe-aUKQ/viewform
2026-11-17,Tue,8:30-9:30am,Peabody Elementary,K-5,open,,2026-10-05,https://docs.google.com/forms/d/e/1FAIpQLSdEiEUA3MjhN4g5vzKRwxvifBptvCl5d4ucOHMq0hShg5ZtWA/viewform
2026-11-17,Tue,8:30-9:30 am,Stevenson Elementary,TK-5,open,,2026-10-05,https://docs.google.com/forms/d/e/1FAIpQLSfqTrSNlVPi1gRA3DyNN3sHJdqlSHDvSvouNBe4IAnbuGgVxA/viewform
2026-11-17,Tue,8:30-9:30 am,Webster Elementary,K-5,open,,2026-10-05,https://docs.google.com/forms/u/2/d/e/1FAIpQLSfM0lJb3r1nDxHWVugW-S-GiZb97O_1qIgFXgu_K0WBdvKweA/viewform
2026-11-17,Tue,9:00-10:00 AM,Sheridan Elementary,"Pre-K, TK-5",open,,2026-10-05,https://docs.google.com/forms/d/e/1FAIpQLSezIpXttoKr28anB_YG88ceRIcge0tYoTIY1FmjsJJsBWbJuA/viewform
2026-11-17,Tue,9:00-10:00 am,Sloat Elementary,TK-5,open,,2026-10-05,https://docs.google.com/forms/d/e/1FAIpQLScfg1TMBfqzFHtdIVUccl7snTBcdE8e4AQv-c49NaamoceQCQ/viewform
2026-11-17,Tue,9:30-10:30am,Yu K-8 School,K-8,open,,2026-10-05,https://docs.google.com/forms/u/2/d/e/1FAIpQLScl4ym57C_rlSI4QNi5sxxZ53dkZ0ERsHimAcUFzedABru_uA/viewform
2026-11-17,Tue,10:00 - 10:45am,Harte Elementary,"Pre-K, TK-5",open,,2026-10-05,https://docs.google.com/forms/d/e/1FAIpQLSeOiClzysiFbt8-BQEg36QFFEDNDTKQyt23M9vkTXxyN7rRNw/viewform
2026-11-17,Tue,9:00 a.m. - 10 a.m.,Lau Elementary,TK-5,open,,2026-10-05,https://docs.google.com/forms/d/e/1FAIpQLSe-A0kP43BPsFL7cZgjbnCiNTUYprn5ASKyES7LaG937-kv8w/viewform
2026-11-17,Tue,9:00 a.m. - 10 a.m.,Lee Newcomer School,K-5,open,,2026-10-05,https://docs.google.com/forms/u/2/d/e/1FAIpQLSdWgfgDpxisiyW3TuDWUxg1Pt9FyE9zDcm9Xc3WSKztPrx7MQ/viewform
2026-11-17,Tue,11:00:00 AM-11:30 AM,Muir Elementary,"Pre-K, TK-5",open,,2026-10-05,https://docs.google.com/forms/d/e/1FAIpQLScgzmbzKBWHP2HHNWFVBwMsgkQUEUrxsG1H7enUwfGKV0Pkzw/viewform
2026-11-18,Wed,7:50-9:00am,Flynn Elementary,TK-5,open,,2026-10-05,https://docs.google.com/forms/d/e/1FAIpQLSerTiL3KN1PMSb3nsLCEmV0Cftm0YtziFTJtyWeUObJCGEEUA/viewform
2026-11-18,Wed,8:15 AM -9:00 AM,Jefferson Elementary,K-5,open,,2026-10-05,https://docs.google.com/forms/d/e/1FAIpQLSfiOapBapE-eJSSMJOSEL6y68F1ZR7BHfbX7KcphdQBEDgKvg/viewform
2026-11-18,Wed,8:30-9:30 am,Ortega Elementary,"Pre-K, TK-5",open,,2026-10-05,https://docs.google.com/forms/d/e/1FAIpQLSeXLRezEAhptKqZlawmKuDQgHshr6-NDNgy5bOHBSXXFtD_Uw/viewform
2026-11-18,Wed,9:00 - 10:00 am,Bryant Elementary,TK-5,open,,2026-10-05,https://docs.google.com/forms/d/e/1FAIpQLSf26_LledLvcRk10HF6XTZM_INrgS6qrXpULVXp-xU37DZLmQ/viewform
2026-11-18,Wed,9:00 - 10:00 am,Chinese Immersion School,TK-5,open,,2026-10-05,https://docs.google.com/forms/d/e/1FAIpQLSc5PAj7fjP641XA0kC_KUbXZvKIM7pBwzWCfBU-NRUV838GDQ/viewform
2026-11-18,Wed,9:30-10:30am,Buena Vista Horace Mann TK-8 School,TK-8,open,,2026-10-05,https://docs.google.com/forms/d/e/1FAIpQLSeoHnQj1m7RCu4EHleNs_bALD_iZ4I0Q0299yTnF1K2fiyTkA/viewform
2026-11-18,Wed,10:00-11:00 am,Chin Elementary,K-5,open,,2026-10-05,https://docs.google.com/forms/d/e/1FAIpQLSeYdzPVlHgSsS5gsW7BVxzyyZkEYLeKBJcvk0HwlMeuEPjTJA/viewform
2026-11-18,Wed,10:00 - 11:00 am,Sunnyside Elementary,K-5,open,,2026-10-05,https://docs.google.com/forms/u/2/d/e/1FAIpQLSeq3ihwxPo-L8UWZwupaa9ay1l5tN35OSyZ1clIfwP8YLS-mw/viewform
2026-11-18,Wed,10:00am-11:00am,Sutro Elementary,TK-5,open,,2026-10-05,https://docs.google.com/forms/u/2/d/e/1FAIpQLSewZ33SLL-W-AI5KiIvTxr8807MjHMxVCpJRAYdGttPt7aOrw/viewform
2026-11-18,Wed,10:00am - 11:00am,Yick Wo Elementary School,K-5,open,,2026-10-05,https://docs.google.com/forms/d/e/1FAIpQLSf0go9Rsh8q032i7X8al-Pk2zUHLL1ukUOvUnRRHLM8dhJjaw/viewform
2026-11-18,Wed,9:00 - 9:45,Chavez Elementary,"Pre-K, TK-5",open,,2026-10-05,https://docs.google.com/forms/d/e/1FAIpQLSf_VUj49rSeMSpY9tw_IhcP1rq6Q7P5OpnUq3YF7HzQGLw68g/viewform
2026-11-18,Wed,"9:00-10:00, 11:00-12:00",Drew Elementary,"Toddler, Pre-K, TK-5",open,,2026-10-05,https://docs.google.com/forms/d/e/1FAIpQLSf9c_ZCodOW06O6l2HxbMQ3kU8a8AxoZU3-Ojevz723lyqR8Q/viewform
2026-11-18,Wed,9:00- 10:00 a.m.,Hillcrest Elementary,TK-5,open,,2026-10-05,https://docs.google.com/forms/d/e/1FAIpQLSfdSiVr8KU6feah_nrffWnx3CiGO4fJm2A2LxaOzFlyaz8YpQ/viewform
2026-11-18,Wed,9:00-9:30,Moscone Elementary,TK-5,open,,2026-10-05,https://docs.google.com/forms/d/e/1FAIpQLSd_oPcd9kYNy9L9iWU-1v-wXJwOY8eIO3N2onmr8WRPGDdqWA/viewform
2026-11-18,Wed,8:30 - 9:30,Taylor Elementary,"Pre-K, TK-5",open,,2026-10-05,https://docs.google.com/forms/d/e/1FAIpQLSf5EehOkCafPlOJ8uRb_4QSrueO4r2QcMrH4dRdQHyaErSXxg/viewform
2026-11-19,Thu,9:30-10:30am,Yu K-8 School,K-8,open,,2026-10-05,https://docs.google.com/forms/u/2/d/e/1FAIpQLScl4ym57C_rlSI4QNi5sxxZ53dkZ0ERsHimAcUFzedABru_uA/viewform
2026-11-19,Thu,9:45-10:45 am,Milk Civil Rights Elementary,TK-5,open,,2026-10-05,https://docs.google.com/forms/d/e/1FAIpQLSf6JQicVERGYqNFPr5V1aVjd8UwFs4ifeZdLKXSB0_bBsWzIA/viewform
2026-11-20,Fri,8am-9am,West Portal Elementary,TK-5,open,,2026-10-05,https://docs.google.com/forms/d/e/1FAIpQLSeu4a63PL9LEKD4SIP1g9yYS6nZXfIkaSBOf6_Ls_kjy3BddQ/viewform
2026-11-20,Fri,8:15-9:15 am,Alamo Elementary,TK-5,open,,2026-10-05,https://docs.google.com/forms/d/e/1FAIpQLSfyup35MI3qBYfzCCaEGEyWOLe6kiLhILyenjvolpGXnRhiOg/viewform
2026-11-20,Fri,8:30-9:30am,Alvarado Elementary,TK-5,open,,2026-10-05,https://docs.google.com/forms/d/e/1FAIpQLSdKQlam4uOWYeqIf5d9CCQB1sjkJTuvQaIHqvWFX1PxiCDg3w/viewform
2026-11-20,Fri,8:30-10 am,Marshall Elementary,K-5,open,,2026-10-05,https://docs.google.com/forms/d/e/1FAIpQLSfEGpQSoxxXXDEYt4eG6cafC9XJC64pWdx-Z88UfcMbYWE8Nw/viewform
2026-11-20,Fri,9:00-10:00 am,Cobb Elementary,"Pre-K, TK-5",open,,2026-10-05,https://forms.gle/6NdeYvMnrFGicyKQA
2026-11-20,Fri,9:00-10:00am,San Francisco Public Montessori Elementary,"Pre-K, TK-5",open,,2026-10-05,https://docs.google.com/forms/d/e/1FAIpQLScKSAeBtjyyyOSlW6dsnQNKD9sLB0rZ1raCPQb0ZDzWNPTqUw/viewform
2026-11-20,Fri,9:00-10:00am,Sherman Elementary,TK-5,open,,2026-10-05,https://docs.google.com/forms/d/e/1FAIpQLSdOa41ZAnNoLqSvf1mCs931E-9X2ZRuL0Y-fKvjIsMGOGsqrA/viewform
2026-11-20,Fri,9:30AM-10:00AM (TK),Argonne Early Education School,"Pre-K, TK",open,,2026-10-05,https://docs.google.com/forms/d/e/1FAIpQLSfA3NEtldkl2_9KJzIRHMvydNBr1iywRMp5MUGCh6DwJw9Xxw/viewform
2026-11-20,Fri,9:30-10:45am,McCoppin Elementary,"Pre-K, TK-5",open,,2026-10-05,https://docs.google.com/forms/u/2/d/e/1FAIpQLSdR2bW1uJplVZ6Ao3t9CvljW_k4QNQc9-Xb8c_7-WSrzT0ykg/viewform
2026-11-20,Fri,10:00AM-10:30AM (PK),Argonne Early Education School,"Pre-K, TK",open,,2026-10-05,https://docs.google.com/forms/d/e/1FAIpQLSfA3NEtldkl2_9KJzIRHMvydNBr1iywRMp5MUGCh6DwJw9Xxw/viewform
2026-11-20,Fri,10:00-11:00 am,Argonne Elementary,TK-5,open,,2026-10-05,https://docs.google.com/forms/d/e/1FAIpQLSeatjaXQ7YNYvE2OAuU4TU43BbDXquqqKRN9VzJZ-qOnV1NgA/viewform
2026-11-20,Fri,10:00-11:00 AM,Cleveland Elementary,TK-5,open,,2026-10-05,https://docs.google.com/forms/d/e/1FAIpQLSdSyTo2pkf45UnefaUTJ4jFa2nYzmqx1FvDpsoRD1SDj86tvw/viewform
2026-11-20,Fri,10am-10:45am,Serra Elementary,TK-5,open,,2026-10-05,https://docs.google.com/forms/d/e/1FAIpQLSfpe6Rhf-j-DLWD9-mDxFUHlcoByZGxUEYxAc8PrE77qPHwzQ/viewform
2026-11-20,Fri,7:45-8:45,Parks Elementary,TK-5,open,,2026-10-05,https://docs.google.com/forms/d/e/1FAIpQLScRupKDwHx7u8dvNz9HvzP1N2TWOn8EvnaZbEP9kM4tvZfKKA/viewform
2026-11-24,Tue,8:30-9:30 am,Webster Elementary,K-5,open,,2026-10-05,https://docs.google.com/forms/u/2/d/e/1FAIpQLSfM0lJb3r1nDxHWVugW-S-GiZb97O_1qIgFXgu_K0WBdvKweA/viewform
2026-11-30,Mon,9:00-10:00 am,Cobb Elementary,"Pre-K, TK-5",open,,2026-10-05,https://forms.gle/6NdeYvMnrFGicyKQA
2026-11-30,Mon,9:30am - 10:30am,Lawton Elementary,TK-8,open,,2026-10-05,https://docs.google.com/forms/d/e/1FAIpQLSc9jhBJ9eLBUUoRVQPYLb6sKmBLVl_c14cpvPFQlW3hIdQoJA/viewform
2026-11-30,Mon,10:00 - 10:45 am,Longfellow Elementary,TK-5,open,,2026-10-05,https://docs.google.com/forms/d/e/1FAIpQLSe4J0xoqDn7-qJ79RRUXwzexlDE27KbXuX0GUdEqmHTe-aUKQ/viewform
2026-12-01,Tue,8:30-9:15am,Mission Bay Elementary School,"Pre-K, TK-1",open,,2026-10-05,https://forms.gle/rDwhWjjHnDj4qTQ29
2026-12-01,Tue,8:30-9:30am,Peabody Elementary,K-5,open,,2026-10-05,https://docs.google.com/forms/d/e/1FAIpQLSdEiEUA3MjhN4g5vzKRwxvifBptvCl5d4ucOHMq0hShg5ZtWA/viewform
2026-12-01,Tue,8:30-9:30 am,Stevenson Elementary,TK-5,open,,2026-10-05,https://docs.google.com/forms/d/e/1FAIpQLSfqTrSNlVPi1gRA3DyNN3sHJdqlSHDvSvouNBe4IAnbuGgVxA/viewform
2026-12-01,Tue,9:00-10:00 am,Sloat Elementary,TK-5,open,,2026-10-05,https://docs.google.com/forms/d/e/1FAIpQLScfg1TMBfqzFHtdIVUccl7snTBcdE8e4AQv-c49NaamoceQCQ/viewform
2026-12-01,Tue,9:30-10:30am,Yu K-8 School,K-8,open,,2026-10-05,https://docs.google.com/forms/u/2/d/e/1FAIpQLScl4ym57C_rlSI4QNi5sxxZ53dkZ0ERsHimAcUFzedABru_uA/viewform
2026-12-01,Tue,10:00- 10:20 am,Rodriguez Early Education School,"Pre-K, TK",open,,2026-10-05,https://docs.google.com/forms/d/e/1FAIpQLSeZ4aoLQGhOVW5cgYvn6JQcgYeLr-4vAx-aqezRTvXvDR6P7g/viewform
2026-12-01,Tue,10:30-11:30am,Redding Elementary,TK-5,open,,2026-10-05,https://docs.google.com/forms/d/e/1FAIpQLScfMa_KjszAdGKg_FlO8yHs5e3E-msXD0VplZSOk_9s2Sh-Hw/viewform
2026-12-01,Tue,10:30-11:30 am,Stockton Early Education School,"Toddler, Pre-K, TK",open,,2026-10-05,https://docs.google.com/forms/d/e/1FAIpQLScQCvqzTgXNf6l1Y7pcsFykC4EYKUA79TEqh4TjU9GnXiSSDg/viewform
2026-12-01,Tue,11:00:00 AM-11:30 AM,Muir Elementary,"Pre-K, TK-5",open,,2026-10-05,https://docs.google.com/forms/d/e/1FAIpQLScgzmbzKBWHP2HHNWFVBwMsgkQUEUrxsG1H7enUwfGKV0Pkzw/viewform
2026-12-02,Wed,7:50-9:00am,Flynn Elementary,TK-5,open,,2026-10-05,https://docs.google.com/forms/d/e/1FAIpQLSerTiL3KN1PMSb3nsLCEmV0Cftm0YtziFTJtyWeUObJCGEEUA/viewform
2026-12-02,Wed,8:20-9:10am,Grattan Elementary,"Pre-K, TK-5",open,,2026-10-05,https://docs.google.com/forms/d/e/1FAIpQLSfGKB9rGl5ZIy15j8V6KFqp7M4NvVaIOW0YGDBvsRaZyBnxuA/viewform
2026-12-02,Wed,9:00 - 10:00 am,Bryant Elementary,TK-5,open,,2026-10-05,https://docs.google.com/forms/d/e/1FAIpQLSf26_LledLvcRk10HF6XTZM_INrgS6qrXpULVXp-xU37DZLmQ/viewform
2026-12-02,Wed,9:30-10:30 AM,Visitacion Valley Elementary,TK-5,open,,2026-10-05,https://docs.google.com/forms/u/2/d/e/1FAIpQLSd-eCDJ_W2Q1xgCEhcPitOMdJq4xofWgggM0EVyNSlzFeXCuQ/viewform
2026-12-02,Wed,9:40am-10:40am,Sunset Elementary,K-5,open,,2026-10-05,https://docs.google.com/forms/d/e/1FAIpQLSdvGEoQuVBcdOgBDkkWN-rJOF97gor1y33HV5POHkW22RWDnA/viewform
2026-12-02,Wed,10:00-11:00 am,Rooftop TK-8 School,TK-8,open,,2026-10-05,https://docs.google.com/forms/d/e/1FAIpQLSfI7C8Sw-1dLuTFqtQHdeptxR8V2EO53sone66feTs0q2iAkA/viewform
2026-12-02,Wed,10:00am-11:00am,Sutro Elementary,TK-5,open,,2026-10-05,https://docs.google.com/forms/u/2/d/e/1FAIpQLSewZ33SLL-W-AI5KiIvTxr8807MjHMxVCpJRAYdGttPt7aOrw/viewform
2026-12-02,Wed,"9:00-10:00, 11:00-12:00",Drew Elementary,"Toddler, Pre-K, TK-5",open,,2026-10-05,https://docs.google.com/forms/d/e/1FAIpQLSf9c_ZCodOW06O6l2HxbMQ3kU8a8AxoZU3-Ojevz723lyqR8Q/viewform
2026-12-02,Wed,9:00- 10:00 a.m.,Hillcrest Elementary,TK-5,open,,2026-10-05,https://docs.google.com/forms/d/e/1FAIpQLSfdSiVr8KU6feah_nrffWnx3CiGO4fJm2A2LxaOzFlyaz8YpQ/viewform
2026-12-03,Thu,9:30-10:30 am,San Francisco Community TK-8,TK-8,open,,2026-10-05,https://docs.google.com/forms/d/e/1FAIpQLSevIbM2tFhpjTOu4JWh9Q2J_-0JgEaSg5m46UcfBdBtyZ_VVw/viewform
2026-12-03,Thu,9:30-10:30am,Yu K-8 School,K-8,open,,2026-10-05,https://docs.google.com/forms/u/2/d/e/1FAIpQLScl4ym57C_rlSI4QNi5sxxZ53dkZ0ERsHimAcUFzedABru_uA/viewform
2026-12-03,Thu,9:45-10:45 am,Milk Civil Rights Elementary,TK-5,open,,2026-10-05,https://docs.google.com/forms/d/e/1FAIpQLSf6JQicVERGYqNFPr5V1aVjd8UwFs4ifeZdLKXSB0_bBsWzIA/viewform
2026-12-03,Thu,5:00-6:00pm,Lilienthal TK-8 School,K-8,open,,2026-10-05,https://docs.google.com/forms/d/e/1FAIpQLSddb8ggymi3fjB7lnNbw058u4V930lgzl9yV06QtyYxjVkxjQ/viewform
2026-12-04,Fri,8am-9am,West Portal Elementary,TK-5,open,,2026-10-05,https://docs.google.com/forms/d/e/1FAIpQLSeu4a63PL9LEKD4SIP1g9yYS6nZXfIkaSBOf6_Ls_kjy3BddQ/viewform
2026-12-04,Fri,8:15-9:15 am,Alamo Elementary,TK-5,open,,2026-10-05,https://docs.google.com/forms/d/e/1FAIpQLSfyup35MI3qBYfzCCaEGEyWOLe6kiLhILyenjvolpGXnRhiOg/viewform
2026-12-04,Fri,8:30-10 am,Marshall Elementary,K-5,open,,2026-10-05,https://docs.google.com/forms/d/e/1FAIpQLSfEGpQSoxxXXDEYt4eG6cafC9XJC64pWdx-Z88UfcMbYWE8Nw/viewform
2026-12-04,Fri,9:00 - 10:00 am,Chinese Immersion School,TK-5,open,,2026-10-05,https://docs.google.com/forms/d/e/1FAIpQLSc5PAj7fjP641XA0kC_KUbXZvKIM7pBwzWCfBU-NRUV838GDQ/viewform
2026-12-04,Fri,9:00am to 10:15,Glen Park Elementary,K-5,open,,2026-10-05,https://docs.google.com/forms/d/e/1FAIpQLSeorR9G6wD922pX3GX1ngOZwK4UrNAKdcRLmd6PtIRhDGlgOA/viewform
2026-12-04,Fri,9:00-10:00 am,McLaren Early Education School,"Pre-K, TK",open,,2026-10-05,https://docs.google.com/forms/d/e/1FAIpQLSfKzxUe3rsV_Rwny_XMvVMuJYEl7tI6at7CGXZF10QAlpPcFw/viewform
2026-12-04,Fri,9:00-10:00am,San Francisco Public Montessori Elementary,"Pre-K, TK-5",open,,2026-10-05,https://docs.google.com/forms/d/e/1FAIpQLScKSAeBtjyyyOSlW6dsnQNKD9sLB0rZ1raCPQb0ZDzWNPTqUw/viewform
2026-12-04,Fri,9:00-10:00am,Sherman Elementary,TK-5,open,,2026-10-05,https://docs.google.com/forms/d/e/1FAIpQLSdOa41ZAnNoLqSvf1mCs931E-9X2ZRuL0Y-fKvjIsMGOGsqrA/viewform
2026-12-04,Fri,9:30AM-10:00AM (TK),Argonne Early Education School,"Pre-K, TK",open,,2026-10-05,https://docs.google.com/forms/d/e/1FAIpQLSfA3NEtldkl2_9KJzIRHMvydNBr1iywRMp5MUGCh6DwJw9Xxw/viewform
2026-12-04,Fri,9:30-10:30AM,Guadalupe Elementary,"Pre-K, TK-5",open,,2026-10-05,https://docs.google.com/forms/d/e/1FAIpQLSfKKHjc9cnCtCVoJVwOdSCrn-oeoZf7mO6aybxVQTOvaY_Fxg/viewform
2026-12-04,Fri,9:30-10:45am,McCoppin Elementary,"Pre-K, TK-5",open,,2026-10-05,https://docs.google.com/forms/u/2/d/e/1FAIpQLSdR2bW1uJplVZ6Ao3t9CvljW_k4QNQc9-Xb8c_7-WSrzT0ykg/viewform
2026-12-04,Fri,10:00-11:00 am,Argonne Elementary,TK-5,open,,2026-10-05,https://docs.google.com/forms/d/e/1FAIpQLSeatjaXQ7YNYvE2OAuU4TU43BbDXquqqKRN9VzJZ-qOnV1NgA/viewform
2026-12-04,Fri,10:00-11:00 AM,Cleveland Elementary,TK-5,open,,2026-10-05,https://docs.google.com/forms/d/e/1FAIpQLSdSyTo2pkf45UnefaUTJ4jFa2nYzmqx1FvDpsoRD1SDj86tvw/viewform
2026-12-04,Fri,5:00-6:00pm,Flynn Elementary,TK-5,open,,2026-10-05,https://docs.google.com/forms/d/e/1FAIpQLSerTiL3KN1PMSb3nsLCEmV0Cftm0YtziFTJtyWeUObJCGEEUA/viewform
2026-12-04,Fri,9:00 a.m. - 10 a.m.,Lau Elementary,TK-5,open,,2026-10-05,https://docs.google.com/forms/d/e/1FAIpQLSe-A0kP43BPsFL7cZgjbnCiNTUYprn5ASKyES7LaG937-kv8w/viewform
2026-12-04,Fri,9:00 a.m. - 10 a.m.,Lee Newcomer School,K-5,open,,2026-10-05,https://docs.google.com/forms/u/2/d/e/1FAIpQLSdWgfgDpxisiyW3TuDWUxg1Pt9FyE9zDcm9Xc3WSKztPrx7MQ/viewform
2026-12-05,Sat,10:00-10:50am,Clarendon Elementary,TK-5,open,,2026-10-05,https://docs.google.com/forms/d/e/1FAIpQLSeQNbeIX60U5mM4M-lF4cHNR6f23sgt98Cvab5lqpSEgtmaKA/viewform
2026-12-07,Mon,8:30-9:30am,Spring Valley Science Elementary,TK-5,open,,2026-10-05,https://docs.google.com/forms/u/2/d/e/1FAIpQLSco8QW_aHb11GesZcZo8z4NlDvuVQ30Ps1YkUOS-TavXIkK0w/viewform
2026-12-07,Mon,9:00-10:00 am,Cobb Elementary,"Pre-K, TK-5",open,,2026-10-05,https://forms.gle/6NdeYvMnrFGicyKQA
2026-12-07,Mon,9:30am - 10:30am,Lawton Elementary,TK-8,open,,2026-10-05,https://docs.google.com/forms/d/e/1FAIpQLSc9jhBJ9eLBUUoRVQPYLb6sKmBLVl_c14cpvPFQlW3hIdQoJA/viewform
2026-12-07,Mon,10:00 - 10:45 am,Longfellow Elementary,TK-5,open,,2026-10-05,https://docs.google.com/forms/d/e/1FAIpQLSe4J0xoqDn7-qJ79RRUXwzexlDE27KbXuX0GUdEqmHTe-aUKQ/viewform
2026-12-07,Mon,10:15-11am,Parker Elementary,TK-5,open,,2026-10-05,https://docs.google.com/forms/d/e/1FAIpQLSeKa9IhWVOnWqWTpeN6DK3Y_rDhBncD2eAiIRI2z8zSZaAjSA/viewform
2026-12-08,Tue,8:30-9:15am,Mission Bay Elementary School,"Pre-K, TK-1",open,,2026-10-05,https://forms.gle/rDwhWjjHnDj4qTQ29
2026-12-08,Tue,8:30-9:30am,Peabody Elementary,K-5,open,,2026-10-05,https://docs.google.com/forms/d/e/1FAIpQLSdEiEUA3MjhN4g5vzKRwxvifBptvCl5d4ucOHMq0hShg5ZtWA/viewform
2026-12-08,Tue,8:30-9:30 am,Stevenson Elementary,TK-5,open,,2026-10-05,https://docs.google.com/forms/d/e/1FAIpQLSfqTrSNlVPi1gRA3DyNN3sHJdqlSHDvSvouNBe4IAnbuGgVxA/viewform
2026-12-08,Tue,9:00-10:00 AM,Sheridan Elementary,"Pre-K, TK-5",open,,2026-10-05,https://docs.google.com/forms/d/e/1FAIpQLSezIpXttoKr28anB_YG88ceRIcge0tYoTIY1FmjsJJsBWbJuA/viewform
2026-12-08,Tue,9:00-10:00 am,Sloat Elementary,TK-5,open,,2026-10-05,https://docs.google.com/forms/d/e/1FAIpQLScfg1TMBfqzFHtdIVUccl7snTBcdE8e4AQv-c49NaamoceQCQ/viewform
2026-12-08,Tue,9:30-10:30am,Yu K-8 School,K-8,open,,2026-10-05,https://docs.google.com/forms/u/2/d/e/1FAIpQLScl4ym57C_rlSI4QNi5sxxZ53dkZ0ERsHimAcUFzedABru_uA/viewform
2026-12-08,Tue,9:00 a.m. - 10 a.m.,Lau Elementary,TK-5,open,,2026-10-05,https://docs.google.com/forms/d/e/1FAIpQLSe-A0kP43BPsFL7cZgjbnCiNTUYprn5ASKyES7LaG937-kv8w/viewform
2026-12-08,Tue,9:00 a.m. - 10 a.m.,Lee Newcomer School,K-5,open,,2026-10-05,https://docs.google.com/forms/u/2/d/e/1FAIpQLSdWgfgDpxisiyW3TuDWUxg1Pt9FyE9zDcm9Xc3WSKztPrx7MQ/viewform
2026-12-08,Tue,11:00:00 AM-11:30 AM,Muir Elementary,"Pre-K, TK-5",open,,2026-10-05,https://docs.google.com/forms/d/e/1FAIpQLScgzmbzKBWHP2HHNWFVBwMsgkQUEUrxsG1H7enUwfGKV0Pkzw/viewform
2026-12-09,Wed,8:15 AM -9:00 AM,Jefferson Elementary,K-5,open,,2026-10-05,https://docs.google.com/forms/d/e/1FAIpQLSfiOapBapE-eJSSMJOSEL6y68F1ZR7BHfbX7KcphdQBEDgKvg/viewform
2026-12-09,Wed,8:20-9:10am,Grattan Elementary,"Pre-K, TK-5",open,,2026-10-05,https://docs.google.com/forms/d/e/1FAIpQLSfGKB9rGl5ZIy15j8V6KFqp7M4NvVaIOW0YGDBvsRaZyBnxuA/viewform
2026-12-09,Wed,8:30-9:10am,Serra Elementary,TK-5,open,,2026-10-05,https://docs.google.com/forms/d/e/1FAIpQLSfpe6Rhf-j-DLWD9-mDxFUHlcoByZGxUEYxAc8PrE77qPHwzQ/viewform
2026-12-09,Wed,9:00 - 10:00 am,Bryant Elementary,TK-5,open,,2026-10-05,https://docs.google.com/forms/d/e/1FAIpQLSf26_LledLvcRk10HF6XTZM_INrgS6qrXpULVXp-xU37DZLmQ/viewform
2026-12-09,Wed,9:00 - 10:00 am,Chinese Immersion School,TK-5,open,,2026-10-05,https://docs.google.com/forms/d/e/1FAIpQLSc5PAj7fjP641XA0kC_KUbXZvKIM7pBwzWCfBU-NRUV838GDQ/viewform
2026-12-09,Wed,9:00-10:00 AM,New Traditions Elementary,K-5,open,,2026-10-05,https://docs.google.com/forms/u/2/d/e/1FAIpQLSdttbyVviotDeHYJWbJOjaRLGrE-E_yMMf28mRxCuE_MEYZRg/viewform
2026-12-09,Wed,9:30-10:30 am,San Francisco Community TK-8,TK-8,open,,2026-10-05,https://docs.google.com/forms/d/e/1FAIpQLSevIbM2tFhpjTOu4JWh9Q2J_-0JgEaSg5m46UcfBdBtyZ_VVw/viewform
2026-12-09,Wed,9:40am-10:40am,Sunset Elementary,K-5,open,,2026-10-05,https://docs.google.com/forms/d/e/1FAIpQLSdvGEoQuVBcdOgBDkkWN-rJOF97gor1y33HV5POHkW22RWDnA/viewform
2026-12-09,Wed,10:00-11:15 am,Lakeshore Elementary,TK-5,open,,2026-10-05,https://docs.google.com/forms/d/e/1FAIpQLScFcHIVR7h9CSlF2qNtgyeSKoN1qmImmxE87YjT4rUxdjJncg/viewform
2026-12-09,Wed,10:00 - 11:00 am,Sunnyside Elementary,K-5,open,,2026-10-05,https://docs.google.com/forms/u/2/d/e/1FAIpQLSeq3ihwxPo-L8UWZwupaa9ay1l5tN35OSyZ1clIfwP8YLS-mw/viewform
2026-12-09,Wed,10:00am-11:00am,Sutro Elementary,TK-5,open,,2026-10-05,https://docs.google.com/forms/u/2/d/e/1FAIpQLSewZ33SLL-W-AI5KiIvTxr8807MjHMxVCpJRAYdGttPt7aOrw/viewform
2026-12-09,Wed,9 - 9:45,Chavez Elementary,"Pre-K, TK-5",open,,2026-10-05,https://docs.google.com/forms/d/e/1FAIpQLSf_VUj49rSeMSpY9tw_IhcP1rq6Q7P5OpnUq3YF7HzQGLw68g/viewform
2026-12-09,Wed,9:00-9:30,Moscone Elementary,TK-5,open,,2026-10-05,https://docs.google.com/forms/d/e/1FAIpQLSd_oPcd9kYNy9L9iWU-1v-wXJwOY8eIO3N2onmr8WRPGDdqWA/viewform
2026-12-10,Thu,8:30-9:30 am,Ortega Elementary,"Pre-K, TK-5",open,,2026-10-05,https://docs.google.com/forms/d/e/1FAIpQLSeXLRezEAhptKqZlawmKuDQgHshr6-NDNgy5bOHBSXXFtD_Uw/viewform
2026-12-10,Thu,8:30-10:00 am,Starr King Elementary,TK-5,open,,2026-10-05,https://docs.google.com/forms/d/e/1FAIpQLSeZKcjtmijMw6YrRJXPqVU2A4pPT3MrPgRL4eUxeSCWT4Ebxg/viewform
2026-12-10,Thu,9:00-10:00am,Malcolm X Elementary,"Pre-K, TK-5",open,,2026-10-05,https://docs.google.com/forms/d/e/1FAIpQLSfS9Wt--Mx3DyoDYNNpt9vKUG7lSr14DeOLSrAw7mmS3HKPfQ/viewform
2026-12-10,Thu,9:00-10:00am,Monroe Elementary,K-5,open,,2026-10-05,https://docs.google.com/forms/d/e/1FAIpQLSc5It2I53pZzYoM6onEQGMEYAyJyhZcVkIazHlh8BUxFQILMA/viewform
2026-12-10,Thu,7:45-8:45,Parks Elementary,TK-5,open,,2026-10-05,https://docs.google.com/forms/d/e/1FAIpQLScRupKDwHx7u8dvNz9HvzP1N2TWOn8EvnaZbEP9kM4tvZfKKA/viewform
2026-12-11,Fri,8:00-9:15 am,Miraloma Elementary,TK-5,open,,2026-10-05,https://docs.google.com/forms/d/e/1FAIpQLScvxCBQc8jeiYfDQiKCUX6FfFdRiEgUbLrYOnBW-xkaWTl7Tw/viewform
2026-12-11,Fri,8am-9am,West Portal Elementary,TK-5,open,,2026-10-05,https://docs.google.com/forms/d/e/1FAIpQLSeu4a63PL9LEKD4SIP1g9yYS6nZXfIkaSBOf6_Ls_kjy3BddQ/viewform
2026-12-11,Fri,8:15-9:15 am,Alamo Elementary,TK-5,open,,2026-10-05,https://docs.google.com/forms/d/e/1FAIpQLSfyup35MI3qBYfzCCaEGEyWOLe6kiLhILyenjvolpGXnRhiOg/viewform
2026-12-11,Fri,8:30-9:30am,Alvarado Elementary,TK-5,open,,2026-10-05,https://docs.google.com/forms/d/e/1FAIpQLSdKQlam4uOWYeqIf5d9CCQB1sjkJTuvQaIHqvWFX1PxiCDg3w/viewform
2026-12-11,Fri,8:30-10 am,Marshall Elementary,K-5,open,,2026-10-05,https://docs.google.com/forms/d/e/1FAIpQLSfEGpQSoxxXXDEYt4eG6cafC9XJC64pWdx-Z88UfcMbYWE8Nw/viewform
2026-12-11,Fri,8:30-9:30 am,McKinley Elementary,TK-5,open,,2026-10-05,https://docs.google.com/forms/d/e/1FAIpQLSeMI529Q3BcAO3Jf3CskqwYZfP-UxMpl-nAURYFQxpeFe_Dlw/viewform
2026-12-11,Fri,8:30-9:30am (SPED focused tour),Peabody Elementary,K-5,open,,2026-10-05,https://docs.google.com/forms/d/e/1FAIpQLSdEiEUA3MjhN4g5vzKRwxvifBptvCl5d4ucOHMq0hShg5ZtWA/viewform
2026-12-11,Fri,9:00-10:00am,San Francisco Public Montessori Elementary,"Pre-K, TK-5",open,,2026-10-05,https://docs.google.com/forms/d/e/1FAIpQLScKSAeBtjyyyOSlW6dsnQNKD9sLB0rZ1raCPQb0ZDzWNPTqUw/viewform
2026-12-11,Fri,9:30-10:45am,McCoppin Elementary,"Pre-K, TK-5",open,,2026-10-05,https://docs.google.com/forms/u/2/d/e/1FAIpQLSdR2bW1uJplVZ6Ao3t9CvljW_k4QNQc9-Xb8c_7-WSrzT0ykg/viewform
2026-12-11,Fri,9:30-10:30 AM,Visitacion Valley Elementary,TK-5,open,,2026-10-05,https://docs.google.com/forms/u/2/d/e/1FAIpQLSd-eCDJ_W2Q1xgCEhcPitOMdJq4xofWgggM0EVyNSlzFeXCuQ/viewform
2026-12-11,Fri,10:00-11:00 am,Argonne Elementary,TK-5,open,,2026-10-05,https://docs.google.com/forms/d/e/1FAIpQLSeatjaXQ7YNYvE2OAuU4TU43BbDXquqqKRN9VzJZ-qOnV1NgA/viewform
2026-12-11,Fri,10:00-10:30AM,Carmichael TK-8 School,"Pre-K, TK-8",open,,2026-10-05,https://docs.google.com/forms/d/e/1FAIpQLSd0b_u5eqFVQ6GV8iU0j48ExYx-qrKpYpGB2xvSpOHEo28biA/viewform
2026-12-11,Fri,10:00-11:00 AM,Cleveland Elementary,TK-5,open,,2026-10-05,https://docs.google.com/forms/d/e/1FAIpQLSdSyTo2pkf45UnefaUTJ4jFa2nYzmqx1FvDpsoRD1SDj86tvw/viewform
2026-12-11,Fri,10:00-11:00 AM,Ulloa Elementary,TK-5,open,,2026-10-05,https://docs.google.com/forms/u/2/d/e/1FAIpQLScYZQK1WwjHRZW42pv-fR0Jaym0GzDui1KHksSAoU7sDsNkfg/viewform
2026-12-11,Fri,8:30-9:30,Feinstein Elementary,TK-5,open,,2026-10-05,https://docs.google.com/forms/d/e/1FAIpQLSd3pWaENmETjb2yHFMj8VlI-4QhjeJWq3GaumCDw81El7uZhQ/viewform
2026-12-11,Fri,8:00-9:15,Miraloma Elementary,TK-5,open,,2026-10-05,https://docs.google.com/forms/d/e/1FAIpQLScvxCBQc8jeiYfDQiKCUX6FfFdRiEgUbLrYOnBW-xkaWTl7Tw/viewform
2026-12-11,Fri,8:45 - 9:45,Sanchez Elementary,"Pre-K, TK-5",open,,2026-10-05,https://docs.google.com/forms/d/e/1FAIpQLSe3nEx3wE-4PVwnjm6ZHa74b76ptSiy4khPuq5I_z2DRuJHfw/viewform
2026-12-12,Sat,9:00am to 10:15,Glen Park Elementary,K-5,open,,2026-10-05,https://docs.google.com/forms/d/e/1FAIpQLSeorR9G6wD922pX3GX1ngOZwK4UrNAKdcRLmd6PtIRhDGlgOA/viewform
2026-12-12,Sat,9:00-10:00 AM,Sheridan Elementary,"Pre-K, TK-5",open,,2026-10-05,https://docs.google.com/forms/d/e/1FAIpQLSezIpXttoKr28anB_YG88ceRIcge0tYoTIY1FmjsJJsBWbJuA/viewform
2026-12-12,Sat,9:30-10:30 am,Milk Civil Rights Elementary,TK-5,open,,2026-10-05,https://docs.google.com/forms/d/e/1FAIpQLSf6JQicVERGYqNFPr5V1aVjd8UwFs4ifeZdLKXSB0_bBsWzIA/viewform
2026-12-14,Mon,9:30am - 10:30am,Lawton Elementary,TK-8,open,,2026-10-05,https://docs.google.com/forms/d/e/1FAIpQLSc9jhBJ9eLBUUoRVQPYLb6sKmBLVl_c14cpvPFQlW3hIdQoJA/viewform
2026-12-14,Mon,10:00-11:00 am,Rooftop TK-8 School,TK-8,open,,2026-10-05,https://docs.google.com/forms/d/e/1FAIpQLSfI7C8Sw-1dLuTFqtQHdeptxR8V2EO53sone66feTs0q2iAkA/viewform
2026-12-15,Tue,8:30-9:15am,Mission Bay Elementary School,"Pre-K, TK-1",open,,2026-10-05,https://forms.gle/rDwhWjjHnDj4qTQ29
2026-12-15,Tue,8:30-9:30 am,Stevenson Elementary,TK-5,open,,2026-10-05,https://docs.google.com/forms/d/e/1FAIpQLSfqTrSNlVPi1gRA3DyNN3sHJdqlSHDvSvouNBe4IAnbuGgVxA/viewform
2026-12-15,Tue,10:00- 10:20 am,Rodriguez Early Education School,"Pre-K, TK",open,,2026-10-05,https://docs.google.com/forms/d/e/1FAIpQLSeZ4aoLQGhOVW5cgYvn6JQcgYeLr-4vAx-aqezRTvXvDR6P7g/viewform
2026-12-15,Tue,8:00-9:00a,Lafayette Elementary,TK-5,open,,2026-10-05,https://docs.google.com/forms/d/e/1FAIpQLSdWeBMWLMuRmKa-WpEhian25H7mBcNmbLHhSuf4IBdDaoHDYA/viewform
2026-12-15,Tue,11:00:00 AM-11:30 AM,Muir Elementary,"Pre-K, TK-5",open,,2026-10-05,https://docs.google.com/forms/d/e/1FAIpQLScgzmbzKBWHP2HHNWFVBwMsgkQUEUrxsG1H7enUwfGKV0Pkzw/viewform
2026-12-16,Wed,8:00-9:00 am,Argonne Elementary,TK-5,open,,2026-10-05,https://docs.google.com/forms/d/e/1FAIpQLSeatjaXQ7YNYvE2OAuU4TU43BbDXquqqKRN9VzJZ-qOnV1NgA/viewform
2026-12-16,Wed,8:15-9:15 am,Alamo Elementary,TK-5,open,,2026-10-05,https://docs.google.com/forms/d/e/1FAIpQLSfyup35MI3qBYfzCCaEGEyWOLe6kiLhILyenjvolpGXnRhiOg/viewform
2026-12-16,Wed,8:20-9:10am,Grattan Elementary,"Pre-K, TK-5",open,,2026-10-05,https://docs.google.com/forms/d/e/1FAIpQLSfGKB9rGl5ZIy15j8V6KFqp7M4NvVaIOW0YGDBvsRaZyBnxuA/viewform
2026-12-16,Wed,8:30-9:30am,Garfield Elementary,TK-5,open,,2026-10-05,https://docs.google.com/forms/d/e/1FAIpQLSd6e6v-GNRoUbfilSWY2kaq6SpW8W6suTt26nc62cOTJ2llTg/viewform
2026-12-16,Wed,9:00 - 10:00 am,Bryant Elementary,TK-5,open,,2026-10-05,https://docs.google.com/forms/d/e/1FAIpQLSf26_LledLvcRk10HF6XTZM_INrgS6qrXpULVXp-xU37DZLmQ/viewform
2026-12-16,Wed,9:30-10:45am,McCoppin Elementary,"Pre-K, TK-5",open,,2026-10-05,https://docs.google.com/forms/u/2/d/e/1FAIpQLSdR2bW1uJplVZ6Ao3t9CvljW_k4QNQc9-Xb8c_7-WSrzT0ykg/viewform
2026-12-17,Thu,9:30-10:30 am,San Francisco Community TK-8,TK-8,open,,2026-10-05,https://docs.google.com/forms/d/e/1FAIpQLSevIbM2tFhpjTOu4JWh9Q2J_-0JgEaSg5m46UcfBdBtyZ_VVw/viewform
2026-12-18,Fri,8am-9am,West Portal Elementary,TK-5,open,,2026-10-05,https://docs.google.com/forms/d/e/1FAIpQLSeu4a63PL9LEKD4SIP1g9yYS6nZXfIkaSBOf6_Ls_kjy3BddQ/viewform
2026-12-18,Fri,8:30-9:30am,Alvarado Elementary,TK-5,open,,2026-10-05,https://docs.google.com/forms/d/e/1FAIpQLSdKQlam4uOWYeqIf5d9CCQB1sjkJTuvQaIHqvWFX1PxiCDg3w/viewform
2026-12-18,Fri,9:00 - 10:00 am,Chinese Immersion School,TK-5,open,,2026-10-05,https://docs.google.com/forms/d/e/1FAIpQLSc5PAj7fjP641XA0kC_KUbXZvKIM7pBwzWCfBU-NRUV838GDQ/viewform
2026-12-18,Fri,9:00-10:00 am,Cobb Elementary,"Pre-K, TK-5",open,,2026-10-05,https://forms.gle/6NdeYvMnrFGicyKQA
2026-12-18,Fri,9:00am to 10:15,Glen Park Elementary,K-5,open,,2026-10-05,https://docs.google.com/forms/d/e/1FAIpQLSeorR9G6wD922pX3GX1ngOZwK4UrNAKdcRLmd6PtIRhDGlgOA/viewform
2026-12-18,Fri,9:00-10:00am,Sherman Elementary,TK-5,open,,2026-10-05,https://docs.google.com/forms/d/e/1FAIpQLSdOa41ZAnNoLqSvf1mCs931E-9X2ZRuL0Y-fKvjIsMGOGsqrA/viewform
2026-12-18,Fri,10:00-11:00 AM,Cleveland Elementary,TK-5,open,,2026-10-05,https://docs.google.com/forms/d/e/1FAIpQLSdSyTo2pkf45UnefaUTJ4jFa2nYzmqx1FvDpsoRD1SDj86tvw/viewform
2026-12-18,Fri,10:00-11:00 AM,Ulloa Elementary,TK-5,open,,2026-10-05,https://docs.google.com/forms/u/2/d/e/1FAIpQLScYZQK1WwjHRZW42pv-fR0Jaym0GzDui1KHksSAoU7sDsNkfg/viewform
2027-01-02,Sat,9:00-10:00 AM,Sheridan Elementary,"Pre-K, TK-5",open,,2026-10-05,https://docs.google.com/forms/d/e/1FAIpQLSezIpXttoKr28anB_YG88ceRIcge0tYoTIY1FmjsJJsBWbJuA/viewform
2027-01-04,Mon,10:00 - 10:45 am,Longfellow Elementary,TK-5,open,,2026-10-05,https://docs.google.com/forms/d/e/1FAIpQLSe4J0xoqDn7-qJ79RRUXwzexlDE27KbXuX0GUdEqmHTe-aUKQ/viewform
2027-01-05,Tue,8:30-9:30 am,Stevenson Elementary,TK-5,open,,2026-10-05,https://docs.google.com/forms/d/e/1FAIpQLSfqTrSNlVPi1gRA3DyNN3sHJdqlSHDvSvouNBe4IAnbuGgVxA/viewform
2027-01-05,Tue,9:30-10:30 AM,Visitacion Valley Elementary,TK-5,open,,2026-10-05,https://docs.google.com/forms/u/2/d/e/1FAIpQLSd-eCDJ_W2Q1xgCEhcPitOMdJq4xofWgggM0EVyNSlzFeXCuQ/viewform
2027-01-05,Tue,10:00- 10:20 am,Rodriguez Early Education School,"Pre-K, TK",open,,2026-10-05,https://docs.google.com/forms/d/e/1FAIpQLSeZ4aoLQGhOVW5cgYvn6JQcgYeLr-4vAx-aqezRTvXvDR6P7g/viewform
2027-01-06,Wed,7:50-9:00am,Flynn Elementary,TK-5,open,,2026-10-05,https://docs.google.com/forms/d/e/1FAIpQLSerTiL3KN1PMSb3nsLCEmV0Cftm0YtziFTJtyWeUObJCGEEUA/viewform
2027-01-06,Wed,8:20-9:10am,Grattan Elementary,"Pre-K, TK-5",open,,2026-10-05,https://docs.google.com/forms/d/e/1FAIpQLSfGKB9rGl5ZIy15j8V6KFqp7M4NvVaIOW0YGDBvsRaZyBnxuA/viewform
2027-01-06,Wed,8:30-9:30 am,Key Elementary,TK-5,open,,2026-10-05,https://docs.google.com/forms/d/e/1FAIpQLSf9qtSo8KlkBd1Z8Eanxz6W7kd5pZL-fA-AqdbLG-RVeoGxTA/viewform
2027-01-06,Wed,8:30-9:30 am,Ortega Elementary,"Pre-K, TK-5",open,,2026-10-05,https://docs.google.com/forms/d/e/1FAIpQLSeXLRezEAhptKqZlawmKuDQgHshr6-NDNgy5bOHBSXXFtD_Uw/viewform
2027-01-06,Wed,9:00 - 10:00 am,Bryant Elementary,TK-5,open,,2026-10-05,https://docs.google.com/forms/d/e/1FAIpQLSf26_LledLvcRk10HF6XTZM_INrgS6qrXpULVXp-xU37DZLmQ/viewform
2027-01-06,Wed,10:00 - 11:00 am,Sunnyside Elementary,K-5,open,,2026-10-05,https://docs.google.com/forms/u/2/d/e/1FAIpQLSeq3ihwxPo-L8UWZwupaa9ay1l5tN35OSyZ1clIfwP8YLS-mw/viewform
2027-01-06,Wed,10:00am-11:00am,Sutro Elementary,TK-5,open,,2026-10-05,https://docs.google.com/forms/u/2/d/e/1FAIpQLSewZ33SLL-W-AI5KiIvTxr8807MjHMxVCpJRAYdGttPt7aOrw/viewform
2027-01-06,Wed,5:00 PM - 6:00 PM,Jefferson Elementary,K-5,open,,2026-10-05,https://docs.google.com/forms/d/e/1FAIpQLSfiOapBapE-eJSSMJOSEL6y68F1ZR7BHfbX7KcphdQBEDgKvg/viewform
2027-01-06,Wed,9:00-9:45,Carver Elementary,"Pre-K, TK-5",open,,2026-10-05,https://docs.google.com/forms/d/e/1FAIpQLSectKbpUZwfqgjbKJ6juyO_Nk6PI1qrwC27OY4O02V3kcnTEw/viewform
2027-01-07,Thu,9:00-10:00 am,Cobb Elementary,"Pre-K, TK-5",open,,2026-10-05,https://forms.gle/6NdeYvMnrFGicyKQA
2027-01-07,Thu,5:30-6:30 pm,Milk Civil Rights Elementary,TK-5,open,,2026-10-05,https://docs.google.com/forms/d/e/1FAIpQLSf6JQicVERGYqNFPr5V1aVjd8UwFs4ifeZdLKXSB0_bBsWzIA/viewform
2027-01-08,Fri,7:45-8:55am,Clarendon Elementary,TK-5,open,,2026-10-05,https://docs.google.com/forms/d/e/1FAIpQLSeQNbeIX60U5mM4M-lF4cHNR6f23sgt98Cvab5lqpSEgtmaKA/viewform
2027-01-08,Fri,8am-9am,West Portal Elementary,TK-5,open,,2026-10-05,https://docs.google.com/forms/d/e/1FAIpQLSeu4a63PL9LEKD4SIP1g9yYS6nZXfIkaSBOf6_Ls_kjy3BddQ/viewform
2027-01-08,Fri,8:15-9:15 am,Alamo Elementary,TK-5,open,,2026-10-05,https://docs.google.com/forms/d/e/1FAIpQLSfyup35MI3qBYfzCCaEGEyWOLe6kiLhILyenjvolpGXnRhiOg/viewform
2027-01-08,Fri,8:30-9:30am,Alvarado Elementary,TK-5,open,,2026-10-05,https://docs.google.com/forms/d/e/1FAIpQLSdKQlam4uOWYeqIf5d9CCQB1sjkJTuvQaIHqvWFX1PxiCDg3w/viewform
2027-01-08,Fri,8:30-9:30 am,McKinley Elementary,TK-5,open,,2026-10-05,https://docs.google.com/forms/d/e/1FAIpQLSeMI529Q3BcAO3Jf3CskqwYZfP-UxMpl-nAURYFQxpeFe_Dlw/viewform
2027-01-08,Fri,8:30-10:00 am,Starr King Elementary,TK-5,open,,2026-10-05,https://docs.google.com/forms/d/e/1FAIpQLSeZKcjtmijMw6YrRJXPqVU2A4pPT3MrPgRL4eUxeSCWT4Ebxg/viewform
2027-01-08,Fri,9:00-10:00am,Sherman Elementary,TK-5,open,,2026-10-05,https://docs.google.com/forms/d/e/1FAIpQLSdOa41ZAnNoLqSvf1mCs931E-9X2ZRuL0Y-fKvjIsMGOGsqrA/viewform
2027-01-08,Fri,9:30-10:30 AM,Visitacion Valley Elementary,TK-5,open,,2026-10-05,https://docs.google.com/forms/u/2/d/e/1FAIpQLSd-eCDJ_W2Q1xgCEhcPitOMdJq4xofWgggM0EVyNSlzFeXCuQ/viewform
2027-01-08,Fri,10:00-11:00 am,Argonne Elementary,TK-5,open,,2026-10-05,https://docs.google.com/forms/d/e/1FAIpQLSeatjaXQ7YNYvE2OAuU4TU43BbDXquqqKRN9VzJZ-qOnV1NgA/viewform
2027-01-08,Fri,10:00-11:00 AM,Ulloa Elementary,TK-5,open,,2026-10-05,https://docs.google.com/forms/u/2/d/e/1FAIpQLScYZQK1WwjHRZW42pv-fR0Jaym0GzDui1KHksSAoU7sDsNkfg/viewform
2027-01-08,Fri,10:30-11:30am,Redding Elementary,TK-5,open,,2026-10-05,https://docs.google.com/forms/d/e/1FAIpQLScfMa_KjszAdGKg_FlO8yHs5e3E-msXD0VplZSOk_9s2Sh-Hw/viewform
2027-01-08,Fri,8:30 - 9:30,Sanchez Elementary,"Pre-K, TK-5",open,,2026-10-05,https://docs.google.com/forms/d/e/1FAIpQLSe3nEx3wE-4PVwnjm6ZHa74b76ptSiy4khPuq5I_z2DRuJHfw/viewform
2027-01-11,Mon,8:30-9:30am,Spring Valley Science Elementary,TK-5,open,,2026-10-05,https://docs.google.com/forms/u/2/d/e/1FAIpQLSco8QW_aHb11GesZcZo8z4NlDvuVQ30Ps1YkUOS-TavXIkK0w/viewform
2027-01-11,Mon,10:00 - 10:45 am,Longfellow Elementary,TK-5,open,,2026-10-05,https://docs.google.com/forms/d/e/1FAIpQLSe4J0xoqDn7-qJ79RRUXwzexlDE27KbXuX0GUdEqmHTe-aUKQ/viewform
2027-01-11,Mon,10:15-11am,Parker Elementary,TK-5,open,,2026-10-05,https://docs.google.com/forms/d/e/1FAIpQLSeKa9IhWVOnWqWTpeN6DK3Y_rDhBncD2eAiIRI2z8zSZaAjSA/viewform
2027-01-12,Tue,8:30-9:30 am,Stevenson Elementary,TK-5,open,,2026-10-05,https://docs.google.com/forms/d/e/1FAIpQLSfqTrSNlVPi1gRA3DyNN3sHJdqlSHDvSvouNBe4IAnbuGgVxA/viewform
2027-01-12,Tue,9:00-10:00 am,Sloat Elementary,TK-5,open,,2026-10-05,https://docs.google.com/forms/d/e/1FAIpQLScfg1TMBfqzFHtdIVUccl7snTBcdE8e4AQv-c49NaamoceQCQ/viewform
2027-01-12,Tue,10:30-11:30 am,Stockton Early Education School,"Toddler, Pre-K, TK",open,,2026-10-05,https://docs.google.com/forms/d/e/1FAIpQLScQCvqzTgXNf6l1Y7pcsFykC4EYKUA79TEqh4TjU9GnXiSSDg/viewform
2027-01-13,Wed,8:15 AM -9:00 AM,Jefferson Elementary,K-5,open,,2026-10-05,https://docs.google.com/forms/d/e/1FAIpQLSfiOapBapE-eJSSMJOSEL6y68F1ZR7BHfbX7KcphdQBEDgKvg/viewform
2027-01-13,Wed,8:20-9:10am,Grattan Elementary,"Pre-K, TK-5",open,,2026-10-05,https://docs.google.com/forms/d/e/1FAIpQLSfGKB9rGl5ZIy15j8V6KFqp7M4NvVaIOW0YGDBvsRaZyBnxuA/viewform
2027-01-13,Wed,8:30-9:30 am,Ortega Elementary,"Pre-K, TK-5",open,,2026-10-05,https://docs.google.com/forms/d/e/1FAIpQLSeXLRezEAhptKqZlawmKuDQgHshr6-NDNgy5bOHBSXXFtD_Uw/viewform
2027-01-13,Wed,9:00 - 10:00 am,Chinese Immersion School,TK-5,open,,2026-10-05,https://docs.google.com/forms/d/e/1FAIpQLSc5PAj7fjP641XA0kC_KUbXZvKIM7pBwzWCfBU-NRUV838GDQ/viewform
2027-01-13,Wed,9:00-10:00 AM,New Traditions Elementary,K-5,open,,2026-10-05,https://docs.google.com/forms/u/2/d/e/1FAIpQLSdttbyVviotDeHYJWbJOjaRLGrE-E_yMMf28mRxCuE_MEYZRg/viewform
2027-01-13,Wed,9:40am-10:40am,Sunset Elementary,K-5,open,,2026-10-05,https://docs.google.com/forms/d/e/1FAIpQLSdvGEoQuVBcdOgBDkkWN-rJOF97gor1y33HV5POHkW22RWDnA/viewform
2027-01-13,Wed,10:00-11:15 am,Lakeshore Elementary,TK-5,open,,2026-10-05,https://docs.google.com/forms/d/e/1FAIpQLScFcHIVR7h9CSlF2qNtgyeSKoN1qmImmxE87YjT4rUxdjJncg/viewform
2027-01-13,Wed,10:00-11:00 am,Rooftop TK-8 School,TK-8,open,,2026-10-05,https://docs.google.com/forms/d/e/1FAIpQLSfI7C8Sw-1dLuTFqtQHdeptxR8V2EO53sone66feTs0q2iAkA/viewform
2027-01-13,Wed,10:00 - 11:00 am,Sunnyside Elementary,K-5,open,,2026-10-05,https://docs.google.com/forms/u/2/d/e/1FAIpQLSeq3ihwxPo-L8UWZwupaa9ay1l5tN35OSyZ1clIfwP8YLS-mw/viewform
2027-01-13,Wed,9:00-9:45,Carver Elementary,"Pre-K, TK-5",open,,2026-10-05,https://docs.google.com/forms/d/e/1FAIpQLSectKbpUZwfqgjbKJ6juyO_Nk6PI1qrwC27OY4O02V3kcnTEw/viewform
2027-01-13,Wed,9 - 9:45,Chavez Elementary,"Pre-K, TK-5",open,,2026-10-05,https://docs.google.com/forms/d/e/1FAIpQLSf_VUj49rSeMSpY9tw_IhcP1rq6Q7P5OpnUq3YF7HzQGLw68g/viewform
2027-01-14,Thu,9:00-10:00am,Malcolm X Elementary,"Pre-K, TK-5",open,,2026-10-05,https://docs.google.com/forms/d/e/1FAIpQLSfS9Wt--Mx3DyoDYNNpt9vKUG7lSr14DeOLSrAw7mmS3HKPfQ/viewform
2027-01-14,Thu,9:00-10:00am,Monroe Elementary,K-5,open,,2026-10-05,https://docs.google.com/forms/d/e/1FAIpQLSc5It2I53pZzYoM6onEQGMEYAyJyhZcVkIazHlh8BUxFQILMA/viewform
2027-01-15,Fri,10:00-11:00 am,Argonne Elementary,TK-5,open,,2026-10-05,https://docs.google.com/forms/d/e/1FAIpQLSeatjaXQ7YNYvE2OAuU4TU43BbDXquqqKRN9VzJZ-qOnV1NgA/viewform
2027-01-15,Fri,10:00-11:00 AM,Ulloa Elementary,TK-5,open,,2026-10-05,https://docs.google.com/forms/u/2/d/e/1FAIpQLScYZQK1WwjHRZW42pv-fR0Jaym0GzDui1KHksSAoU7sDsNkfg/viewform
2027-01-19,Tue,8:30-9:30 am,Stevenson Elementary,TK-5,open,,2026-10-05,https://docs.google.com/forms/d/e/1FAIpQLSfqTrSNlVPi1gRA3DyNN3sHJdqlSHDvSvouNBe4IAnbuGgVxA/viewform
2027-01-19,Tue,9:00-10:00 am,Sloat Elementary,TK-5,open,,2026-10-05,https://docs.google.com/forms/d/e/1FAIpQLScfg1TMBfqzFHtdIVUccl7snTBcdE8e4AQv-c49NaamoceQCQ/viewform
2027-01-19,Tue,10:00- 10:20 am,Rodriguez Early Education School,"Pre-K, TK",open,,2026-10-05,https://docs.google.com/forms/d/e/1FAIpQLSeZ4aoLQGhOVW5cgYvn6JQcgYeLr-4vAx-aqezRTvXvDR6P7g/viewform
2027-01-20,Wed,8:20-9:10am,Grattan Elementary,"Pre-K, TK-5",open,,2026-10-05,https://docs.google.com/forms/d/e/1FAIpQLSfGKB9rGl5ZIy15j8V6KFqp7M4NvVaIOW0YGDBvsRaZyBnxuA/viewform
2027-01-20,Wed,8:30-9:30 am,Key Elementary,TK-5,open,,2026-10-05,https://docs.google.com/forms/d/e/1FAIpQLSf9qtSo8KlkBd1Z8Eanxz6W7kd5pZL-fA-AqdbLG-RVeoGxTA/viewform
2027-01-20,Wed,10:00am-11:00am,Sutro Elementary,TK-5,open,,2026-10-05,https://docs.google.com/forms/u/2/d/e/1FAIpQLSewZ33SLL-W-AI5KiIvTxr8807MjHMxVCpJRAYdGttPt7aOrw/viewform
2027-01-20,Wed,5:00-6:00 PM,New Traditions Elementary,K-5,open,,2026-10-05,https://docs.google.com/forms/u/2/d/e/1FAIpQLSdttbyVviotDeHYJWbJOjaRLGrE-E_yMMf28mRxCuE_MEYZRg/viewform
2027-01-20,Wed,9:00-9:45,Carver Elementary,"Pre-K, TK-5",open,,2026-10-05,https://docs.google.com/forms/d/e/1FAIpQLSectKbpUZwfqgjbKJ6juyO_Nk6PI1qrwC27OY4O02V3kcnTEw/viewform
2027-01-21,Thu,9:45-10:45 am,Milk Civil Rights Elementary,TK-5,open,,2026-10-05,https://docs.google.com/forms/d/e/1FAIpQLSf6JQicVERGYqNFPr5V1aVjd8UwFs4ifeZdLKXSB0_bBsWzIA/viewform
2027-01-22,Fri,8:00-9:15 am,Miraloma Elementary,TK-5,open,,2026-10-05,https://docs.google.com/forms/d/e/1FAIpQLScvxCBQc8jeiYfDQiKCUX6FfFdRiEgUbLrYOnBW-xkaWTl7Tw/viewform
2027-01-22,Fri,8am-9am,West Portal Elementary,TK-5,open,,2026-10-05,https://docs.google.com/forms/d/e/1FAIpQLSeu4a63PL9LEKD4SIP1g9yYS6nZXfIkaSBOf6_Ls_kjy3BddQ/viewform
2027-01-22,Fri,8:30-9:30am,Alvarado Elementary,TK-5,open,,2026-10-05,https://docs.google.com/forms/d/e/1FAIpQLSdKQlam4uOWYeqIf5d9CCQB1sjkJTuvQaIHqvWFX1PxiCDg3w/viewform
2027-01-22,Fri,8:30-9:30 am,McKinley Elementary,TK-5,open,,2026-10-05,https://docs.google.com/forms/d/e/1FAIpQLSeMI529Q3BcAO3Jf3CskqwYZfP-UxMpl-nAURYFQxpeFe_Dlw/viewform
2027-01-22,Fri,8:30-10:00 am,Starr King Elementary,TK-5,open,,2026-10-05,https://docs.google.com/forms/d/e/1FAIpQLSeZKcjtmijMw6YrRJXPqVU2A4pPT3MrPgRL4eUxeSCWT4Ebxg/viewform
2027-01-22,Fri,9:00 - 10:00 am,Chinese Immersion School,TK-5,open,,2026-10-05,https://docs.google.com/forms/d/e/1FAIpQLSc5PAj7fjP641XA0kC_KUbXZvKIM7pBwzWCfBU-NRUV838GDQ/viewform
2027-01-22,Fri,9:00-10:00am,Monroe Elementary,K-5,open,,2026-10-05,https://docs.google.com/forms/d/e/1FAIpQLSc5It2I53pZzYoM6onEQGMEYAyJyhZcVkIazHlh8BUxFQILMA/viewform
2027-01-22,Fri,10:00-11:00 am,Argonne Elementary,TK-5,open,,2026-10-05,https://docs.google.com/forms/d/e/1FAIpQLSeatjaXQ7YNYvE2OAuU4TU43BbDXquqqKRN9VzJZ-qOnV1NgA/viewform
2027-01-22,Fri,10:00-11:00 AM,Ulloa Elementary,TK-5,open,,2026-10-05,https://docs.google.com/forms/u/2/d/e/1FAIpQLScYZQK1WwjHRZW42pv-fR0Jaym0GzDui1KHksSAoU7sDsNkfg/viewform
2027-01-22,Fri,10:30-11:30am,Redding Elementary,TK-5,open,,2026-10-05,https://docs.google.com/forms/d/e/1FAIpQLScfMa_KjszAdGKg_FlO8yHs5e3E-msXD0VplZSOk_9s2Sh-Hw/viewform
2027-01-22,Fri,8:30 - 9:30,Sanchez Elementary,"Pre-K, TK-5",open,,2026-10-05,https://docs.google.com/forms/d/e/1FAIpQLSe3nEx3wE-4PVwnjm6ZHa74b76ptSiy4khPuq5I_z2DRuJHfw/viewform
2027-01-23,Sat,9:00-10:00 am,McLaren Early Education School,"Pre-K, TK",open,,2026-10-05,https://docs.google.com/forms/d/e/1FAIpQLSfKzxUe3rsV_Rwny_XMvVMuJYEl7tI6at7CGXZF10QAlpPcFw/viewform
2027-01-25,Mon,10:15-11am,Parker Elementary,TK-5,open,,2026-10-05,https://docs.google.com/forms/d/e/1FAIpQLSeKa9IhWVOnWqWTpeN6DK3Y_rDhBncD2eAiIRI2z8zSZaAjSA/viewform
2027-01-25,Mon,2:00-3:00 pm,Rooftop TK-8 School,TK-8,open,,2026-10-05,https://docs.google.com/forms/d/e/1FAIpQLSfI7C8Sw-1dLuTFqtQHdeptxR8V2EO53sone66feTs0q2iAkA/viewform
2027-01-26,Tue,9:00-10:00 AM,Sheridan Elementary,"Pre-K, TK-5",open,,2026-10-05,https://docs.google.com/forms/d/e/1FAIpQLSezIpXttoKr28anB_YG88ceRIcge0tYoTIY1FmjsJJsBWbJuA/viewform
2027-01-26,Tue,9:00-10:00 am,Sloat Elementary,TK-5,open,,2026-10-05,https://docs.google.com/forms/d/e/1FAIpQLScfg1TMBfqzFHtdIVUccl7snTBcdE8e4AQv-c49NaamoceQCQ/viewform
2027-01-27,Wed,8:15 AM -9:00 AM,Jefferson Elementary,K-5,open,,2026-10-05,https://docs.google.com/forms/d/e/1FAIpQLSfiOapBapE-eJSSMJOSEL6y68F1ZR7BHfbX7KcphdQBEDgKvg/viewform
2027-01-27,Wed,8:20-9:10am,Grattan Elementary,"Pre-K, TK-5",open,,2026-10-05,https://docs.google.com/forms/d/e/1FAIpQLSfGKB9rGl5ZIy15j8V6KFqp7M4NvVaIOW0YGDBvsRaZyBnxuA/viewform
2027-01-27,Wed,9:00 am- 10:00 am,Noriega Early Education School,"Pre-K, TK",open,,2026-10-05,https://docs.google.com/forms/d/e/1FAIpQLScRG2VhCh2sGcvKfFGy5CF-5IN5bLaxnpk7iTNk2cjtUTCZ1w/viewform
2027-01-27,Wed,10:00-11:15 am,Lakeshore Elementary,TK-5,open,,2026-10-05,https://docs.google.com/forms/d/e/1FAIpQLScFcHIVR7h9CSlF2qNtgyeSKoN1qmImmxE87YjT4rUxdjJncg/viewform
2027-01-29,Fri,8am-9am,West Portal Elementary,TK-5,open,,2026-10-05,https://docs.google.com/forms/d/e/1FAIpQLSeu4a63PL9LEKD4SIP1g9yYS6nZXfIkaSBOf6_Ls_kjy3BddQ/viewform
2027-01-29,Fri,10:00-11:00 AM,Ulloa Elementary,TK-5,open,,2026-10-05,https://docs.google.com/forms/u/2/d/e/1FAIpQLScYZQK1WwjHRZW42pv-fR0Jaym0GzDui1KHksSAoU7sDsNkfg/viewform
2027-02-01,Mon,8:30-9:30am,Spring Valley Science Elementary,TK-5,open,,2026-10-05,https://docs.google.com/forms/u/2/d/e/1FAIpQLSco8QW_aHb11GesZcZo8z4NlDvuVQ30Ps1YkUOS-TavXIkK0w/viewform
2027-02-02,Tue,10:00- 10:20 am,Rodriguez Early Education School,"Pre-K, TK",open,,2026-10-05,https://docs.google.com/forms/d/e/1FAIpQLSeZ4aoLQGhOVW5cgYvn6JQcgYeLr-4vAx-aqezRTvXvDR6P7g/viewform
2027-02-05,Fri,10:30-11:30am,Redding Elementary,TK-5,open,,2026-10-05,https://docs.google.com/forms/d/e/1FAIpQLScfMa_KjszAdGKg_FlO8yHs5e3E-msXD0VplZSOk_9s2Sh-Hw/viewform
2027-02-11,Thu,9:00-10:00am,Malcolm X Elementary,"Pre-K, TK-5",open,,2026-10-05,https://docs.google.com/forms/d/e/1FAIpQLSfS9Wt--Mx3DyoDYNNpt9vKUG7lSr14DeOLSrAw7mmS3HKPfQ/viewform
2027-02-16,Tue,10:00- 10:20 am,Rodriguez Early Education School,"Pre-K, TK",open,,2026-10-05,https://docs.google.com/forms/d/e/1FAIpQLSeZ4aoLQGhOVW5cgYvn6JQcgYeLr-4vAx-aqezRTvXvDR6P7g/viewform
2027-02-17,Wed,9:00 am-10:00 am,Noriega Early Education School,"Pre-K, TK",open,,2026-10-05,https://docs.google.com/forms/d/e/1FAIpQLScRG2VhCh2sGcvKfFGy5CF-5IN5bLaxnpk7iTNk2cjtUTCZ1w/viewform
2027-02-19,Fri,9:00-10:00 am,McLaren Early Education School,"Pre-K, TK",open,,2026-10-05,https://docs.google.com/forms/d/e/1FAIpQLSfKzxUe3rsV_Rwny_XMvVMuJYEl7tI6at7CGXZF10QAlpPcFw/viewform
2027-02-24,Wed,9:00 am- 10:00 am,Noriega Early Education School,"Pre-K, TK",open,,2026-10-05,https://docs.google.com/forms/d/e/1FAIpQLScRG2VhCh2sGcvKfFGy5CF-5IN5bLaxnpk7iTNk2cjtUTCZ1w/viewform
2027-02-26,Fri,10:30-11:30am,Redding Elementary,TK-5,open,,2026-10-05,https://docs.google.com/forms/d/e/1FAIpQLScfMa_KjszAdGKg_FlO8yHs5e3E-msXD0VplZSOk_9s2Sh-Hw/viewform
2027-03-02,Tue,10:00- 10:20 am,Rodriguez Early Education School,"Pre-K, TK",open,,2026-10-05,https://docs.google.com/forms/d/e/1FAIpQLSeZ4aoLQGhOVW5cgYvn6JQcgYeLr-4vAx-aqezRTvXvDR6P7g/viewform
2027-03-05,Fri,10:30-11:30am,Redding Elementary,TK-5,open,,2026-10-05,https://docs.google.com/forms/d/e/1FAIpQLScfMa_KjszAdGKg_FlO8yHs5e3E-msXD0VplZSOk_9s2Sh-Hw/viewform
2027-03-11,Thu,9:00-10:00am,Malcolm X Elementary,"Pre-K, TK-5",open,,2026-10-05,https://docs.google.com/forms/d/e/1FAIpQLSfS9Wt--Mx3DyoDYNNpt9vKUG7lSr14DeOLSrAw7mmS3HKPfQ/viewform
2027-03-13,Sat,9:00-10:00 am,McLaren Early Education School,"Pre-K, TK",open,,2026-10-05,https://docs.google.com/forms/d/e/1FAIpQLSfKzxUe3rsV_Rwny_XMvVMuJYEl7tI6at7CGXZF10QAlpPcFw/viewform
2027-03-17,Wed,9:00 am- 10:00 am,Noriega Early Education School,"Pre-K, TK",open,,2026-10-05,https://docs.google.com/forms/d/e/1FAIpQLScRG2VhCh2sGcvKfFGy5CF-5IN5bLaxnpk7iTNk2cjtUTCZ1w/viewform
2027-03-19,Fri,8:30-10:00 am,Starr King Elementary,TK-5,open,,2026-10-05,https://docs.google.com/forms/d/e/1FAIpQLSeZKcjtmijMw6YrRJXPqVU2A4pPT3MrPgRL4eUxeSCWT4Ebxg/viewform
2027-03-19,Fri,10:00-11:00 AM,Ulloa Elementary,TK-5,open,,2026-10-05,https://docs.google.com/forms/u/2/d/e/1FAIpQLScYZQK1WwjHRZW42pv-fR0Jaym0GzDui1KHksSAoU7sDsNkfg/viewform
2027-03-22,Mon,10:15-11am,Parker Elementary,TK-5,open,,2026-10-05,https://docs.google.com/forms/d/e/1FAIpQLSeKa9IhWVOnWqWTpeN6DK3Y_rDhBncD2eAiIRI2z8zSZaAjSA/viewform
2027-03-24,Wed,9:00 am - 10:00 am,Noriega Early Education School,"Pre-K, TK",open,,2026-10-05,https://docs.google.com/forms/d/e/1FAIpQLScRG2VhCh2sGcvKfFGy5CF-5IN5bLaxnpk7iTNk2cjtUTCZ1w/viewform
2027-04-07,Wed,9 -9:45,Chavez Elementary,"Pre-K, TK-5",open,,2026-10-05,https://docs.google.com/forms/d/e/1FAIpQLSf_VUj49rSeMSpY9tw_IhcP1rq6Q7P5OpnUq3YF7HzQGLw68g/viewform
2027-04-08,Thu,9:00-10:00am,Malcolm X Elementary,"Pre-K, TK-5",open,,2026-10-05,https://docs.google.com/forms/d/e/1FAIpQLSfS9Wt--Mx3DyoDYNNpt9vKUG7lSr14DeOLSrAw7mmS3HKPfQ/viewform
2027-04-16,Fri,9:00-10:00 am,McLaren Early Education School,"Pre-K, TK",open,,2026-10-05,https://docs.google.com/forms/d/e/1FAIpQLSfKzxUe3rsV_Rwny_XMvVMuJYEl7tI6at7CGXZF10QAlpPcFw/viewform
2027-04-21,Wed,9:00 am- 10:00 am,Noriega Early Education School,"Pre-K, TK",open,,2026-10-05,https://docs.google.com/forms/d/e/1FAIpQLScRG2VhCh2sGcvKfFGy5CF-5IN5bLaxnpk7iTNk2cjtUTCZ1w/viewform
2027-05-14,Fri,8:30-9:30 am,McKinley Elementary,TK-5,open,,2026-10-05,https://docs.google.com/forms/d/e/1FAIpQLSeMI529Q3BcAO3Jf3CskqwYZfP-UxMpl-nAURYFQxpeFe_Dlw/viewform
2027-12-02,Thu,8:30-9:30 am,Key Elementary,TK-5,open,,2026-10-05,https://docs.google.com/forms/d/e/1FAIpQLSf9qtSo8KlkBd1Z8Eanxz6W7kd5pZL-fA-AqdbLG-RVeoGxTA/viewform
